-- Adminer 4.6.1 MySQL dump

SET NAMES utf8;
SET time_zone = '+00:00';
SET foreign_key_checks = 0;
SET sql_mode = 'NO_AUTO_VALUE_ON_ZERO';

DROP DATABASE IF EXISTS `activity`;
CREATE DATABASE `activity` /*!40100 DEFAULT CHARACTER SET latin1 */;
USE `activity`;

DROP TABLE IF EXISTS `activity`;
CREATE TABLE `activity` (
  `id` int(11) NOT NULL AUTO_INCREMENT,
  `name` char(255) COLLATE utf8_unicode_ci NOT NULL,
  `description` text COLLATE utf8_unicode_ci NOT NULL,
  `image` text COLLATE utf8_unicode_ci,
  `created_at` datetime NOT NULL,
  `created_by` int(11) NOT NULL,
  `updated_at` datetime NOT NULL,
  `updated_by` int(11) NOT NULL,
  PRIMARY KEY (`id`),
  KEY `created_by` (`created_by`),
  KEY `updated_by` (`updated_by`),
  CONSTRAINT `activity_ibfk_1` FOREIGN KEY (`created_by`) REFERENCES `users` (`id`),
  CONSTRAINT `activity_ibfk_2` FOREIGN KEY (`updated_by`) REFERENCES `users` (`id`)
) ENGINE=InnoDB DEFAULT CHARSET=utf8 COLLATE=utf8_unicode_ci;

INSERT INTO `activity` (`id`, `name`, `description`, `image`, `created_at`, `created_by`, `updated_at`, `updated_by`) VALUES
(86,	'ค่ายอบบรม Testing',	'<p><br></p>',	NULL,	'2019-04-20 19:44:00',	56,	'2019-04-20 19:44:00',	56),
(91,	'Present สหกิจศึกษา',	'<p>ให้นักศึกษาเตรียมความพร้อมมาให้เรียบร้อย</p>',	NULL,	'2019-04-21 20:15:22',	56,	'2019-04-26 18:11:19',	57),
(92,	'อบรม React',	'<h2><span style=\"color: rgb(29, 33, 41);\">นศ. เตรียม notebook + ปลั๊ก ไปด้วยนะคะ</span><strong style=\"color: rgb(29, 33, 41);\">﻿</strong></h2>',	NULL,	'2019-04-21 20:18:33',	56,	'2019-04-26 18:11:12',	57),
(93,	'อบรม MVC .Net',	'<h2><span style=\"color: rgb(29, 33, 41);\">นศ. เตรียม notebook + ปลั๊ก ไปด้วยนะคะ</span></h2>',	NULL,	'2019-04-21 20:20:46',	56,	'2019-04-21 20:20:46',	56),
(94,	'workshop',	'<h2><span style=\"color: rgb(29, 33, 41);\">วิชา Software Project Management</span></h2>',	NULL,	'2019-04-21 20:22:25',	56,	'2019-04-21 20:22:25',	56),
(95,	'Oracle Student Workshop',	'<p><span style=\"color: rgb(29, 33, 41);\">1. Download Program, Image File และ เอกสารการติดตั้ง จาก Link ต่างๆ การติดตั้ง Oracle Virtual Box&nbsp;</span><a href=\"https://drive.google.com/%EF%AC%81le/d/1eJrc11pw-HRjxJB81u41SKk4HY8TeSca/view?fbclid=IwAR1zdPUP_eQcSma_dKBE5qz0M2zjMkLtYaVlBvptJ-L6ABaJzmUda-fBM6Q\" target=\"_blank\" style=\"color: rgb(54, 88, 153); background-color: rgb(255, 255, 255);\">https://drive.google.com/…/1eJrc11pw-HRjxJB81u41SKk4HY…/view</a><span style=\"color: rgb(29, 33, 41);\">&nbsp;</span></p><p><span style=\"color: rgb(29, 33, 41);\">Import Image Files&nbsp;</span><a href=\"https://drive.google.com/%EF%AC%81le/d/1N4c6DVNECN_lzADBB-jJamRW-uZtGVBL/view?fbclid=IwAR3xZbV2kkcNNzLB8qADO9zqGVOCmiaepwW6kxIEDDmSI1mYOI3QI96cGmQ\" target=\"_blank\" style=\"color: rgb(54, 88, 153); background-color: rgb(255, 255, 255);\">https://drive.google.com/…/1N4c6DVNECN_lzADBB-jJamRW-u…/view</a><span style=\"color: rgb(29, 33, 41);\">&nbsp;</span></p><p><span style=\"color: rgb(29, 33, 41);\">File set up&nbsp;</span><a href=\"https://l.facebook.com/l.php?u=https%3A%2F%2Fdrive.google.com%2F%EF%AC%81le%2Fd%2F1xDOQ76xaGbOMxXFbplp7_CkXxiynkReg%2Fview%3Ffbclid%3DIwAR23WaRkbrkpzeJCJmMls03ChKYBprNTIJ0yh06T30F2ByIjB5fdYtHErug&amp;h=AT0nZMcJIsT31CKGvPY71s0QvXvVumclqdG5zNzgt6PNujvMiGapdIh30PWD8tL1XSj9xYhcFrYwzzWHcesDuvzlCJj7EV7FkRw0LCvrDfgbNeqj1YXT2fNjUBuDPEKKgfO_xTDPMnI_hpGfYNj62oLX\" target=\"_blank\" style=\"color: rgb(54, 88, 153); background-color: rgb(255, 255, 255);\">https://drive.google.com/…/1xDOQ76xaGbOMxXFbplp7_CkXxi…/view</a><span style=\"color: rgb(29, 33, 41);\">&nbsp;</span></p><p><span style=\"color: rgb(29, 33, 41);\">2. ติดตั้งโปรแกรม และ Import File ตาม ORACLE_STUDENT_WORKSHOP_SETUP2018.pdf</span></p>',	NULL,	'2019-04-21 20:24:16',	56,	'2019-04-21 20:24:16',	56),
(96,	'Circle CI + Automated Test',	'<p><span style=\"color: rgb(29, 33, 41);\">สิ่งที่ให้เตรียม</span></p><p><span style=\"color: rgb(29, 33, 41);\">1. Install Docker</span></p><p><span style=\"color: rgb(29, 33, 41);\">2. Editor เลือกลง VSCode หรือ Sublime</span></p><p><span style=\"color: rgb(29, 33, 41);\">3. สมัคร account Github</span></p><p><span style=\"color: rgb(29, 33, 41);\">4. ลง git bash หรือ source tree</span></p><p><span style=\"color: rgb(29, 33, 41);\">Note: PHP7 รอลงพร้อมกันในห้อง จะได้มี environment เหมือนๆ กัน</span></p><p><span style=\"color: rgb(29, 33, 41);\">ใครมีปัญหาเรื่อง notebook ไปขอเบิกจากพี่ตั้ม</span></p><h3><span style=\"color: rgb(29, 33, 41);\">ใครมีปัญหาเรื่องการติดตั้ง ติดต่อพี่ตั้ม ด่วนนะจ๊ะ</span></h3>',	NULL,	'2019-04-21 20:26:00',	56,	'2019-04-21 20:27:51',	56),
(97,	'อบรม .Net for Web-based application',	'<h2><span style=\"color: rgb(29, 33, 41);\">ตามแผนพัฒนาศักยภาพนักศึกษา งบกิจกรรมเสริมหลักสูตร</span></h2>',	NULL,	'2019-04-21 20:34:38',	56,	'2019-04-21 20:34:38',	56),
(98,	'อบรม web service',	'<p><br></p>',	NULL,	'2019-05-19 17:42:03',	57,	'2019-05-23 18:44:42',	57),
(100,	'ทดสอบโปรเจ็คท์',	'<p>ทดสอบโปรเจ็คท์ ปี 3/2561</p>',	NULL,	'2019-05-21 16:22:05',	56,	'2019-05-21 16:22:05',	56),
(101,	'Scrum team',	'<p><br></p>',	'assets/upload/image/cart.png',	'2019-05-23 18:42:57',	57,	'2019-05-24 13:39:33',	57),
(102,	'สอบโครงงาน',	'<p><br></p>',	NULL,	'2019-05-23 18:43:36',	57,	'2019-05-23 18:43:36',	57);

DROP TABLE IF EXISTS `activity_details`;
CREATE TABLE `activity_details` (
  `id` int(11) NOT NULL AUTO_INCREMENT,
  `activity_id` int(11) NOT NULL,
  `day_start` date NOT NULL,
  `day_end` date NOT NULL,
  `time_start` time NOT NULL,
  `time_end` time NOT NULL,
  `term_year` int(11) NOT NULL,
  `term_sector` int(11) NOT NULL,
  `location` text COLLATE utf8_unicode_ci NOT NULL,
  `created_at` datetime NOT NULL DEFAULT '0000-00-00 00:00:00' ON UPDATE CURRENT_TIMESTAMP,
  `created_by` int(11) NOT NULL,
  `updated_at` datetime NOT NULL DEFAULT '0000-00-00 00:00:00' ON UPDATE CURRENT_TIMESTAMP,
  `updated_by` int(11) NOT NULL,
  PRIMARY KEY (`id`),
  KEY `term_year` (`term_year`,`term_sector`),
  KEY `created_by` (`created_by`),
  KEY `updated_by` (`updated_by`),
  KEY `activity_id` (`activity_id`),
  CONSTRAINT `activity_details_ibfk_1` FOREIGN KEY (`term_year`, `term_sector`) REFERENCES `terms` (`year`, `sector`),
  CONSTRAINT `activity_details_ibfk_3` FOREIGN KEY (`created_by`) REFERENCES `users` (`id`),
  CONSTRAINT `activity_details_ibfk_4` FOREIGN KEY (`updated_by`) REFERENCES `users` (`id`),
  CONSTRAINT `activity_details_ibfk_5` FOREIGN KEY (`activity_id`) REFERENCES `activity` (`id`) ON DELETE CASCADE
) ENGINE=InnoDB DEFAULT CHARSET=utf8 COLLATE=utf8_unicode_ci;

INSERT INTO `activity_details` (`id`, `activity_id`, `day_start`, `day_end`, `time_start`, `time_end`, `term_year`, `term_sector`, `location`, `created_at`, `created_by`, `updated_at`, `updated_by`) VALUES
(32,	98,	'2015-05-23',	'2015-05-23',	'08:00:00',	'16:00:00',	2558,	1,	'อาคารนวัตกรรม',	'2015-05-23 19:47:57',	59,	'2015-05-23 19:47:57',	59),
(33,	98,	'2015-08-01',	'2015-08-02',	'08:00:00',	'16:00:00',	2558,	2,	'อาคารนวัตกรรม',	'2015-05-23 19:50:22',	59,	'2015-05-23 19:50:22',	59),
(34,	98,	'2015-10-01',	'2015-10-02',	'08:00:00',	'16:00:00',	2558,	3,	'อาคารนวัตกรรม',	'2015-05-23 19:55:35',	59,	'2015-05-23 19:55:35',	59),
(38,	98,	'2016-06-01',	'2016-06-02',	'08:00:00',	'16:00:00',	2559,	1,	'อาคารนวัตกรรม',	'2016-05-23 20:04:46',	60,	'2016-05-23 20:04:46',	60),
(39,	98,	'2016-08-06',	'2016-08-07',	'08:00:00',	'16:00:00',	2559,	2,	'อาคารนวัตกรรม',	'2016-05-23 20:05:29',	60,	'2016-05-23 20:05:29',	60),
(40,	98,	'2016-10-01',	'2016-10-02',	'08:00:00',	'16:00:00',	2559,	3,	'อาคารนวัตกรรม',	'2016-05-23 20:06:09',	60,	'2016-05-23 20:06:09',	60),
(41,	98,	'2017-07-15',	'2017-07-16',	'08:00:00',	'16:00:00',	2560,	1,	'อาคารนวัตกรรม',	'2017-05-23 20:09:39',	56,	'2017-05-23 20:09:39',	56),
(42,	98,	'2017-08-12',	'2017-08-13',	'08:00:00',	'16:00:00',	2560,	2,	'อาคารนวัตกรรม',	'2017-05-23 20:11:55',	56,	'2017-05-23 20:11:55',	56),
(43,	98,	'2017-10-14',	'2017-10-15',	'08:00:00',	'16:00:00',	2560,	3,	'อาคารนวัตกรรม',	'2017-05-23 20:12:48',	56,	'2017-05-23 20:12:48',	56),
(44,	98,	'2019-01-05',	'2019-01-06',	'08:00:00',	'16:00:00',	2561,	1,	'อาคารนวัตกรรม',	'2018-05-23 20:38:20',	57,	'2018-05-23 20:38:20',	57),
(45,	98,	'2019-04-13',	'2019-04-14',	'08:00:00',	'16:00:00',	2561,	2,	'อาคารนวัตกรรม',	'2019-01-01 20:30:10',	57,	'2019-01-01 20:30:10',	57),
(46,	98,	'2019-05-24',	'2019-05-25',	'08:00:00',	'16:00:00',	2561,	3,	'อาคารนวัตกรรม',	'2018-01-01 20:36:19',	57,	'2018-01-01 20:36:19',	57);

DROP TABLE IF EXISTS `albumactivity`;
CREATE TABLE `albumactivity` (
  `id` int(11) NOT NULL AUTO_INCREMENT,
  `activityID` int(11) DEFAULT NULL,
  `albumName` varchar(255) DEFAULT NULL,
  `created_at` datetime DEFAULT NULL,
  `updated_at` datetime DEFAULT NULL,
  PRIMARY KEY (`id`)
) ENGINE=InnoDB DEFAULT CHARSET=utf8;


DROP TABLE IF EXISTS `albumactivitydetail`;
CREATE TABLE `albumactivitydetail` (
  `id` int(11) NOT NULL,
  `albumID` int(11) DEFAULT NULL,
  `file_path` varchar(255) DEFAULT NULL,
  `name_file` varchar(255) DEFAULT NULL,
  PRIMARY KEY (`id`)
) ENGINE=InnoDB DEFAULT CHARSET=utf8;


DROP TABLE IF EXISTS `participations`;
CREATE TABLE `participations` (
  `id` int(11) NOT NULL AUTO_INCREMENT,
  `activity_detail_id` int(11) DEFAULT NULL,
  `student_id` int(11) DEFAULT NULL,
  PRIMARY KEY (`id`),
  KEY `student_id` (`student_id`),
  KEY `activity_detail_id` (`activity_detail_id`),
  CONSTRAINT `participations_ibfk_2` FOREIGN KEY (`student_id`) REFERENCES `students` (`id`),
  CONSTRAINT `participations_ibfk_4` FOREIGN KEY (`activity_detail_id`) REFERENCES `activity_details` (`id`) ON DELETE CASCADE
) ENGINE=InnoDB DEFAULT CHARSET=utf8;

INSERT INTO `participations` (`id`, `activity_detail_id`, `student_id`) VALUES
(1356,	32,	58111410),
(1357,	32,	58112418),
(1358,	32,	58113341),
(1359,	32,	58117656),
(1360,	32,	58120379),
(1361,	32,	58121435),
(1362,	32,	58121856),
(1363,	32,	58122516),
(1364,	32,	58140500),
(1365,	32,	58141623),
(1366,	32,	58142753),
(1367,	32,	58143033),
(1368,	32,	58143900),
(1369,	32,	58144239),
(1370,	32,	58144924),
(1371,	32,	58145236),
(1372,	32,	58147406),
(1373,	32,	58148602),
(1374,	32,	58149840),
(1375,	32,	58162660),
(1376,	32,	58162694),
(1377,	33,	58111410),
(1378,	33,	58112418),
(1379,	33,	58113341),
(1380,	33,	58117656),
(1381,	33,	58120379),
(1382,	33,	58121435),
(1383,	33,	58121856),
(1384,	33,	58122516),
(1385,	33,	58140500),
(1386,	33,	58141623),
(1387,	33,	58142753),
(1388,	33,	58143033),
(1389,	33,	58143900),
(1390,	33,	58144239),
(1391,	33,	58144924),
(1392,	33,	58145236),
(1393,	33,	58147406),
(1394,	33,	58148602),
(1395,	33,	58149840),
(1396,	33,	58162660),
(1397,	33,	58162694),
(1398,	34,	58111410),
(1399,	34,	58112418),
(1400,	34,	58113341),
(1401,	34,	58117656),
(1402,	34,	58120379),
(1403,	34,	58121435),
(1404,	34,	58121856),
(1405,	34,	58122516),
(1406,	34,	58140500),
(1407,	34,	58141623),
(1408,	34,	58142753),
(1409,	34,	58143033),
(1410,	34,	58143900),
(1411,	34,	58144239),
(1412,	34,	58144924),
(1413,	34,	58145236),
(1414,	34,	58147406),
(1415,	34,	58148602),
(1416,	34,	58149840),
(1417,	34,	58162660),
(1418,	34,	58162694),
(1533,	38,	58111410),
(1534,	38,	58112418),
(1535,	38,	58113341),
(1536,	38,	58117656),
(1537,	38,	58120379),
(1538,	38,	58121435),
(1539,	38,	58121856),
(1540,	38,	58122516),
(1541,	38,	58140500),
(1542,	38,	58141623),
(1543,	38,	58142753),
(1544,	38,	58143033),
(1545,	38,	58143900),
(1546,	38,	58144239),
(1547,	38,	58144924),
(1548,	38,	58145236),
(1549,	38,	58147406),
(1550,	38,	58148602),
(1551,	38,	58149840),
(1552,	38,	58162660),
(1553,	38,	58162694),
(1554,	38,	59112557),
(1555,	38,	59113423),
(1556,	38,	59113589),
(1557,	38,	59114462),
(1558,	38,	59114819),
(1559,	38,	59119438),
(1560,	38,	59119610),
(1561,	38,	59119941),
(1562,	38,	59120535),
(1563,	38,	59121368),
(1564,	38,	59121970),
(1565,	38,	59123570),
(1566,	38,	59141242),
(1567,	38,	59142901),
(1568,	38,	59145003),
(1569,	38,	59145219),
(1570,	38,	59147918),
(1571,	39,	58111410),
(1572,	39,	58112418),
(1573,	39,	58113341),
(1574,	39,	58117656),
(1575,	39,	58120379),
(1576,	39,	58121435),
(1577,	39,	58121856),
(1578,	39,	58122516),
(1579,	39,	58140500),
(1580,	39,	58141623),
(1581,	39,	58142753),
(1582,	39,	58143033),
(1583,	39,	58143900),
(1584,	39,	58144239),
(1585,	39,	58144924),
(1586,	39,	58145236),
(1587,	39,	58147406),
(1588,	39,	58148602),
(1589,	39,	58149840),
(1590,	39,	58162660),
(1591,	39,	58162694),
(1592,	39,	59112557),
(1593,	39,	59113423),
(1594,	39,	59113589),
(1595,	39,	59114462),
(1596,	39,	59114819),
(1597,	39,	59119438),
(1598,	39,	59119610),
(1599,	39,	59119941),
(1600,	39,	59120535),
(1601,	39,	59121368),
(1602,	39,	59121970),
(1603,	39,	59123570),
(1604,	39,	59141242),
(1605,	39,	59142901),
(1606,	39,	59145003),
(1607,	39,	59145219),
(1608,	39,	59147918),
(1609,	40,	58111410),
(1610,	40,	58112418),
(1611,	40,	58113341),
(1612,	40,	58117656),
(1613,	40,	58120379),
(1614,	40,	58121435),
(1615,	40,	58121856),
(1616,	40,	58122516),
(1617,	40,	58140500),
(1618,	40,	58141623),
(1619,	40,	58142753),
(1620,	40,	58143033),
(1621,	40,	58143900),
(1622,	40,	58144239),
(1623,	40,	58144924),
(1624,	40,	58145236),
(1625,	40,	58147406),
(1626,	40,	58148602),
(1627,	40,	58149840),
(1628,	40,	58162660),
(1629,	40,	58162694),
(1630,	40,	59112557),
(1631,	40,	59113423),
(1632,	40,	59113589),
(1633,	40,	59114462),
(1634,	40,	59114819),
(1635,	40,	59119438),
(1636,	40,	59119610),
(1637,	40,	59119941),
(1638,	40,	59120535),
(1639,	40,	59121368),
(1640,	40,	59121970),
(1641,	40,	59123570),
(1642,	40,	59141242),
(1643,	40,	59142901),
(1644,	40,	59145003),
(1645,	40,	59145219),
(1646,	40,	59147918),
(1647,	41,	58111410),
(1648,	41,	58112418),
(1649,	41,	58113341),
(1650,	41,	58117656),
(1651,	41,	58120379),
(1652,	41,	58121435),
(1653,	41,	58121856),
(1654,	41,	58122516),
(1655,	41,	58140500),
(1656,	41,	58141623),
(1657,	41,	58142753),
(1658,	41,	58143033),
(1659,	41,	58143900),
(1660,	41,	58144239),
(1661,	41,	58144924),
(1662,	41,	58145236),
(1663,	41,	58147406),
(1664,	41,	58148602),
(1665,	41,	58149840),
(1666,	41,	58162660),
(1667,	41,	58162694),
(1668,	41,	59112557),
(1669,	41,	59113423),
(1670,	41,	59113589),
(1671,	41,	59114462),
(1672,	41,	59114819),
(1673,	41,	59119438),
(1674,	41,	59119610),
(1675,	41,	59119941),
(1676,	41,	59120535),
(1677,	41,	59121368),
(1678,	41,	59121970),
(1679,	41,	59123570),
(1680,	41,	59141242),
(1681,	41,	59142901),
(1682,	41,	59145003),
(1683,	41,	59145219),
(1684,	41,	59147918),
(1685,	41,	60110673),
(1686,	41,	60110863),
(1687,	41,	60111465),
(1688,	41,	60112869),
(1689,	41,	60113008),
(1690,	41,	60113479),
(1691,	41,	60113834),
(1692,	41,	60114105),
(1693,	41,	60140365),
(1694,	41,	60140852),
(1695,	41,	60141900),
(1696,	41,	60144235),
(1697,	41,	60144730),
(1698,	41,	60144961),
(1699,	41,	60146313),
(1700,	41,	60191053),
(1701,	42,	58111410),
(1702,	42,	58112418),
(1703,	42,	58113341),
(1704,	42,	58117656),
(1705,	42,	58120379),
(1706,	42,	58121435),
(1707,	42,	58121856),
(1708,	42,	58122516),
(1709,	42,	58140500),
(1710,	42,	58141623),
(1711,	42,	58142753),
(1712,	42,	58143033),
(1713,	42,	58143900),
(1714,	42,	58144239),
(1715,	42,	58144924),
(1716,	42,	58145236),
(1717,	42,	58147406),
(1718,	42,	58148602),
(1719,	42,	58149840),
(1720,	42,	58162660),
(1721,	42,	58162694),
(1722,	42,	59112557),
(1723,	42,	59113423),
(1724,	42,	59113589),
(1725,	42,	59114462),
(1726,	42,	59114819),
(1727,	42,	59119438),
(1728,	42,	59119610),
(1729,	42,	59119941),
(1730,	42,	59120535),
(1731,	42,	59121368),
(1732,	42,	59121970),
(1733,	42,	59123570),
(1734,	42,	59141242),
(1735,	42,	59142901),
(1736,	42,	59145003),
(1737,	42,	59145219),
(1738,	42,	59147918),
(1739,	42,	60110673),
(1740,	42,	60110863),
(1741,	42,	60111465),
(1742,	42,	60112869),
(1743,	42,	60113008),
(1744,	42,	60113479),
(1745,	42,	60113834),
(1746,	42,	60114105),
(1747,	42,	60140365),
(1748,	42,	60140852),
(1749,	42,	60141900),
(1750,	42,	60144235),
(1751,	42,	60144730),
(1752,	42,	60144961),
(1753,	42,	60146313),
(1754,	42,	60191053),
(1755,	43,	58111410),
(1756,	43,	58112418),
(1757,	43,	58113341),
(1758,	43,	58117656),
(1759,	43,	58120379),
(1760,	43,	58121435),
(1761,	43,	58121856),
(1762,	43,	58122516),
(1763,	43,	58140500),
(1764,	43,	58141623),
(1765,	43,	58142753),
(1766,	43,	58143033),
(1767,	43,	58143900),
(1768,	43,	58144239),
(1769,	43,	58144924),
(1770,	43,	58145236),
(1771,	43,	58147406),
(1772,	43,	58148602),
(1773,	43,	58149840),
(1774,	43,	58162660),
(1775,	43,	58162694),
(1776,	43,	59112557),
(1777,	43,	59113423),
(1778,	43,	59113589),
(1779,	43,	59114462),
(1780,	43,	59114819),
(1781,	43,	59119438),
(1782,	43,	59119610),
(1783,	43,	59119941),
(1784,	43,	59120535),
(1785,	43,	59121368),
(1786,	43,	59121970),
(1787,	43,	59123570),
(1788,	43,	59141242),
(1789,	43,	59142901),
(1790,	43,	59145003),
(1791,	43,	59145219),
(1792,	43,	59147918),
(1793,	43,	60110673),
(1794,	43,	60110863),
(1795,	43,	60111465),
(1796,	43,	60112869),
(1797,	43,	60113008),
(1798,	43,	60113479),
(1799,	43,	60113834),
(1800,	43,	60114105),
(1801,	43,	60140365),
(1802,	43,	60140852),
(1803,	43,	60141900),
(1804,	43,	60144235),
(1805,	43,	60144730),
(1806,	43,	60144961),
(1807,	43,	60146313),
(1808,	43,	60191053),
(1809,	44,	59112557),
(1810,	44,	59113423),
(1811,	44,	59113589),
(1812,	44,	59114462),
(1813,	44,	59114819),
(1814,	44,	59119438),
(1815,	44,	59119610),
(1816,	44,	59119941),
(1817,	44,	59120535),
(1818,	44,	59121368),
(1819,	44,	59121970),
(1820,	44,	59123570),
(1821,	44,	59141242),
(1822,	44,	59142901),
(1823,	44,	59145003),
(1824,	44,	59145219),
(1825,	44,	59147918),
(1826,	44,	60110673),
(1827,	44,	60110863),
(1828,	44,	60111465),
(1829,	44,	60112869),
(1830,	44,	60113008),
(1831,	44,	60113479),
(1832,	44,	60113834),
(1833,	44,	60114105),
(1834,	44,	60140365),
(1835,	44,	60140852),
(1836,	44,	60141900),
(1837,	44,	60144235),
(1838,	44,	60144730),
(1839,	44,	60144961),
(1840,	44,	60146313),
(1841,	44,	60191053),
(1842,	44,	61101192),
(1843,	44,	61101242),
(1844,	44,	61101655),
(1845,	44,	61102299),
(1846,	44,	61103776),
(1847,	44,	61104139),
(1848,	44,	61105631),
(1849,	44,	61105888),
(1850,	44,	61107686),
(1851,	44,	61108262),
(1852,	44,	61108718),
(1853,	44,	61111191),
(1854,	44,	61111415),
(1855,	44,	61113239),
(1856,	44,	61113403),
(1857,	44,	61113619),
(1858,	44,	61113858),
(1859,	44,	61115184),
(1860,	44,	61115267),
(1861,	44,	61116141),
(1862,	44,	61118717),
(1863,	44,	61120531),
(1864,	44,	61122685),
(1865,	45,	59112557),
(1866,	45,	59113423),
(1867,	45,	59113589),
(1868,	45,	59114462),
(1869,	45,	59114819),
(1870,	45,	59119438),
(1871,	45,	59119610),
(1872,	45,	59119941),
(1873,	45,	59120535),
(1874,	45,	59121368),
(1875,	45,	59121970),
(1876,	45,	59123570),
(1877,	45,	59141242),
(1878,	45,	59142901),
(1879,	45,	59145003),
(1880,	45,	59145219),
(1881,	45,	59147918),
(1882,	45,	60110673),
(1883,	45,	60110863),
(1884,	45,	60111465),
(1885,	45,	60112869),
(1886,	45,	60113008),
(1887,	45,	60113479),
(1888,	45,	60113834),
(1889,	45,	60114105),
(1890,	45,	60140365),
(1891,	45,	60140852),
(1892,	45,	60141900),
(1893,	45,	60144235),
(1894,	45,	60144730),
(1895,	45,	60144961),
(1896,	45,	60146313),
(1897,	45,	60191053),
(1898,	45,	61101192),
(1899,	45,	61101242),
(1900,	45,	61101655),
(1901,	45,	61102299),
(1902,	45,	61103776),
(1903,	45,	61104139),
(1904,	45,	61105631),
(1905,	45,	61105888),
(1906,	45,	61107686),
(1907,	45,	61108262),
(1908,	45,	61108718),
(1909,	45,	61111191),
(1910,	45,	61111415),
(1911,	45,	61113239),
(1912,	45,	61113403),
(1913,	45,	61113619),
(1914,	45,	61113858),
(1915,	45,	61115184),
(1916,	45,	61115267),
(1917,	45,	61116141),
(1918,	45,	61118717),
(1919,	45,	61120531),
(1920,	45,	61122685),
(1921,	46,	59112557),
(1922,	46,	59113423),
(1923,	46,	59113589),
(1924,	46,	59114462),
(1925,	46,	59114819),
(1926,	46,	59119438),
(1927,	46,	59119610),
(1928,	46,	59119941),
(1929,	46,	59120535),
(1930,	46,	59121368),
(1931,	46,	59121970),
(1932,	46,	59123570),
(1933,	46,	59141242),
(1934,	46,	59142901),
(1935,	46,	59145003),
(1936,	46,	59145219),
(1937,	46,	59147918),
(1938,	46,	60110673),
(1939,	46,	60110863),
(1940,	46,	60111465),
(1941,	46,	60112869),
(1942,	46,	60113008),
(1943,	46,	60113479),
(1944,	46,	60113834),
(1945,	46,	60114105),
(1946,	46,	60140365),
(1947,	46,	60140852),
(1948,	46,	60141900),
(1949,	46,	60144235),
(1950,	46,	60144730),
(1951,	46,	60144961),
(1952,	46,	60146313),
(1953,	46,	60191053),
(1954,	46,	61101192),
(1955,	46,	61101242),
(1956,	46,	61101655),
(1957,	46,	61102299),
(1958,	46,	61103776),
(1959,	46,	61104139),
(1960,	46,	61105631),
(1961,	46,	61105888),
(1962,	46,	61107686),
(1963,	46,	61108262),
(1964,	46,	61108718),
(1965,	46,	61111191),
(1966,	46,	61111415),
(1967,	46,	61113239),
(1968,	46,	61113403),
(1969,	46,	61113619),
(1970,	46,	61113858),
(1971,	46,	61115184),
(1972,	46,	61115267),
(1973,	46,	61116141),
(1974,	46,	61118717),
(1975,	46,	61120531),
(1976,	46,	61122685);

DROP TABLE IF EXISTS `positions`;
CREATE TABLE `positions` (
  `id` int(11) NOT NULL AUTO_INCREMENT,
  `name` varchar(255) DEFAULT NULL,
  `created_at` datetime NOT NULL,
  `updated_at` datetime NOT NULL,
  PRIMARY KEY (`id`)
) ENGINE=InnoDB DEFAULT CHARSET=utf8;

INSERT INTO `positions` (`id`, `name`, `created_at`, `updated_at`) VALUES
(1,	'นักวิชาการ',	'2019-01-09 23:04:35',	'2019-01-24 19:45:47'),
(2,	'อาจารย์',	'2019-01-24 19:45:32',	'2019-01-24 19:45:32'),
(3,	'ประธานหลักสูตร',	'2019-01-09 23:05:16',	'2019-01-09 23:05:20');

DROP TABLE IF EXISTS `rank_checks`;
CREATE TABLE `rank_checks` (
  `id` int(11) NOT NULL AUTO_INCREMENT,
  `activity_details_id` int(11) NOT NULL,
  `participation_id` int(11) NOT NULL,
  `date_check` date NOT NULL,
  `time` text COLLATE utf8_unicode_ci NOT NULL,
  `status` int(1) NOT NULL DEFAULT '0',
  PRIMARY KEY (`id`),
  KEY `participation_id` (`participation_id`),
  CONSTRAINT `rank_checks_ibfk_3` FOREIGN KEY (`participation_id`) REFERENCES `participations` (`id`) ON DELETE CASCADE
) ENGINE=InnoDB DEFAULT CHARSET=utf8 COLLATE=utf8_unicode_ci;

INSERT INTO `rank_checks` (`id`, `activity_details_id`, `participation_id`, `date_check`, `time`, `status`) VALUES
(7749,	32,	1356,	'2015-05-23',	'เช้า',	0),
(7750,	32,	1356,	'2015-05-23',	'บ่าย',	0),
(7751,	32,	1357,	'2015-05-23',	'เช้า',	0),
(7752,	32,	1357,	'2015-05-23',	'บ่าย',	0),
(7753,	32,	1358,	'2015-05-23',	'เช้า',	0),
(7754,	32,	1358,	'2015-05-23',	'บ่าย',	0),
(7755,	32,	1359,	'2015-05-23',	'เช้า',	0),
(7756,	32,	1359,	'2015-05-23',	'บ่าย',	0),
(7757,	32,	1360,	'2015-05-23',	'เช้า',	0),
(7758,	32,	1360,	'2015-05-23',	'บ่าย',	0),
(7759,	32,	1361,	'2015-05-23',	'เช้า',	0),
(7760,	32,	1361,	'2015-05-23',	'บ่าย',	0),
(7761,	32,	1362,	'2015-05-23',	'เช้า',	0),
(7762,	32,	1362,	'2015-05-23',	'บ่าย',	0),
(7763,	32,	1363,	'2015-05-23',	'เช้า',	0),
(7764,	32,	1363,	'2015-05-23',	'บ่าย',	0),
(7765,	32,	1364,	'2015-05-23',	'เช้า',	0),
(7766,	32,	1364,	'2015-05-23',	'บ่าย',	0),
(7767,	32,	1365,	'2015-05-23',	'เช้า',	0),
(7768,	32,	1365,	'2015-05-23',	'บ่าย',	0),
(7769,	32,	1366,	'2015-05-23',	'เช้า',	0),
(7770,	32,	1366,	'2015-05-23',	'บ่าย',	0),
(7771,	32,	1367,	'2015-05-23',	'เช้า',	0),
(7772,	32,	1367,	'2015-05-23',	'บ่าย',	0),
(7773,	32,	1368,	'2015-05-23',	'เช้า',	0),
(7774,	32,	1368,	'2015-05-23',	'บ่าย',	0),
(7775,	32,	1369,	'2015-05-23',	'เช้า',	0),
(7776,	32,	1369,	'2015-05-23',	'บ่าย',	0),
(7777,	32,	1370,	'2015-05-23',	'เช้า',	0),
(7778,	32,	1370,	'2015-05-23',	'บ่าย',	0),
(7779,	32,	1371,	'2015-05-23',	'เช้า',	0),
(7780,	32,	1371,	'2015-05-23',	'บ่าย',	0),
(7781,	32,	1372,	'2015-05-23',	'เช้า',	0),
(7782,	32,	1372,	'2015-05-23',	'บ่าย',	0),
(7783,	32,	1373,	'2015-05-23',	'เช้า',	0),
(7784,	32,	1373,	'2015-05-23',	'บ่าย',	0),
(7785,	32,	1374,	'2015-05-23',	'เช้า',	0),
(7786,	32,	1374,	'2015-05-23',	'บ่าย',	0),
(7787,	32,	1375,	'2015-05-23',	'เช้า',	0),
(7788,	32,	1375,	'2015-05-23',	'บ่าย',	0),
(7789,	32,	1376,	'2015-05-23',	'เช้า',	0),
(7790,	32,	1376,	'2015-05-23',	'บ่าย',	0),
(7791,	33,	1377,	'2015-08-01',	'เช้า',	0),
(7792,	33,	1377,	'2015-08-01',	'บ่าย',	0),
(7793,	33,	1377,	'2015-08-02',	'เช้า',	0),
(7794,	33,	1377,	'2015-08-02',	'บ่าย',	0),
(7795,	33,	1378,	'2015-08-01',	'เช้า',	0),
(7796,	33,	1378,	'2015-08-01',	'บ่าย',	0),
(7797,	33,	1378,	'2015-08-02',	'เช้า',	0),
(7798,	33,	1378,	'2015-08-02',	'บ่าย',	0),
(7799,	33,	1379,	'2015-08-01',	'เช้า',	0),
(7800,	33,	1379,	'2015-08-01',	'บ่าย',	0),
(7801,	33,	1379,	'2015-08-02',	'เช้า',	0),
(7802,	33,	1379,	'2015-08-02',	'บ่าย',	0),
(7803,	33,	1380,	'2015-08-01',	'เช้า',	0),
(7804,	33,	1380,	'2015-08-01',	'บ่าย',	0),
(7805,	33,	1380,	'2015-08-02',	'เช้า',	0),
(7806,	33,	1380,	'2015-08-02',	'บ่าย',	0),
(7807,	33,	1381,	'2015-08-01',	'เช้า',	0),
(7808,	33,	1381,	'2015-08-01',	'บ่าย',	0),
(7809,	33,	1381,	'2015-08-02',	'เช้า',	0),
(7810,	33,	1381,	'2015-08-02',	'บ่าย',	0),
(7811,	33,	1382,	'2015-08-01',	'เช้า',	0),
(7812,	33,	1382,	'2015-08-01',	'บ่าย',	0),
(7813,	33,	1382,	'2015-08-02',	'เช้า',	0),
(7814,	33,	1382,	'2015-08-02',	'บ่าย',	0),
(7815,	33,	1383,	'2015-08-01',	'เช้า',	0),
(7816,	33,	1383,	'2015-08-01',	'บ่าย',	0),
(7817,	33,	1383,	'2015-08-02',	'เช้า',	0),
(7818,	33,	1383,	'2015-08-02',	'บ่าย',	0),
(7819,	33,	1384,	'2015-08-01',	'เช้า',	0),
(7820,	33,	1384,	'2015-08-01',	'บ่าย',	0),
(7821,	33,	1384,	'2015-08-02',	'เช้า',	0),
(7822,	33,	1384,	'2015-08-02',	'บ่าย',	0),
(7823,	33,	1385,	'2015-08-01',	'เช้า',	0),
(7824,	33,	1385,	'2015-08-01',	'บ่าย',	0),
(7825,	33,	1385,	'2015-08-02',	'เช้า',	0),
(7826,	33,	1385,	'2015-08-02',	'บ่าย',	0),
(7827,	33,	1386,	'2015-08-01',	'เช้า',	0),
(7828,	33,	1386,	'2015-08-01',	'บ่าย',	0),
(7829,	33,	1386,	'2015-08-02',	'เช้า',	0),
(7830,	33,	1386,	'2015-08-02',	'บ่าย',	0),
(7831,	33,	1387,	'2015-08-01',	'เช้า',	0),
(7832,	33,	1387,	'2015-08-01',	'บ่าย',	0),
(7833,	33,	1387,	'2015-08-02',	'เช้า',	0),
(7834,	33,	1387,	'2015-08-02',	'บ่าย',	0),
(7835,	33,	1388,	'2015-08-01',	'เช้า',	0),
(7836,	33,	1388,	'2015-08-01',	'บ่าย',	0),
(7837,	33,	1388,	'2015-08-02',	'เช้า',	0),
(7838,	33,	1388,	'2015-08-02',	'บ่าย',	0),
(7839,	33,	1389,	'2015-08-01',	'เช้า',	0),
(7840,	33,	1389,	'2015-08-01',	'บ่าย',	0),
(7841,	33,	1389,	'2015-08-02',	'เช้า',	0),
(7842,	33,	1389,	'2015-08-02',	'บ่าย',	0),
(7843,	33,	1390,	'2015-08-01',	'เช้า',	0),
(7844,	33,	1390,	'2015-08-01',	'บ่าย',	0),
(7845,	33,	1390,	'2015-08-02',	'เช้า',	0),
(7846,	33,	1390,	'2015-08-02',	'บ่าย',	0),
(7847,	33,	1391,	'2015-08-01',	'เช้า',	0),
(7848,	33,	1391,	'2015-08-01',	'บ่าย',	0),
(7849,	33,	1391,	'2015-08-02',	'เช้า',	0),
(7850,	33,	1391,	'2015-08-02',	'บ่าย',	0),
(7851,	33,	1392,	'2015-08-01',	'เช้า',	0),
(7852,	33,	1392,	'2015-08-01',	'บ่าย',	0),
(7853,	33,	1392,	'2015-08-02',	'เช้า',	0),
(7854,	33,	1392,	'2015-08-02',	'บ่าย',	0),
(7855,	33,	1393,	'2015-08-01',	'เช้า',	0),
(7856,	33,	1393,	'2015-08-01',	'บ่าย',	0),
(7857,	33,	1393,	'2015-08-02',	'เช้า',	0),
(7858,	33,	1393,	'2015-08-02',	'บ่าย',	0),
(7859,	33,	1394,	'2015-08-01',	'เช้า',	0),
(7860,	33,	1394,	'2015-08-01',	'บ่าย',	0),
(7861,	33,	1394,	'2015-08-02',	'เช้า',	0),
(7862,	33,	1394,	'2015-08-02',	'บ่าย',	0),
(7863,	33,	1395,	'2015-08-01',	'เช้า',	0),
(7864,	33,	1395,	'2015-08-01',	'บ่าย',	0),
(7865,	33,	1395,	'2015-08-02',	'เช้า',	0),
(7866,	33,	1395,	'2015-08-02',	'บ่าย',	0),
(7867,	33,	1396,	'2015-08-01',	'เช้า',	0),
(7868,	33,	1396,	'2015-08-01',	'บ่าย',	0),
(7869,	33,	1396,	'2015-08-02',	'เช้า',	0),
(7870,	33,	1396,	'2015-08-02',	'บ่าย',	0),
(7871,	33,	1397,	'2015-08-01',	'เช้า',	0),
(7872,	33,	1397,	'2015-08-01',	'บ่าย',	0),
(7873,	33,	1397,	'2015-08-02',	'เช้า',	0),
(7874,	33,	1397,	'2015-08-02',	'บ่าย',	0),
(7875,	34,	1398,	'2015-10-01',	'เช้า',	0),
(7876,	34,	1398,	'2015-10-01',	'บ่าย',	0),
(7877,	34,	1398,	'2015-10-02',	'เช้า',	0),
(7878,	34,	1398,	'2015-10-02',	'บ่าย',	0),
(7879,	34,	1399,	'2015-10-01',	'เช้า',	0),
(7880,	34,	1399,	'2015-10-01',	'บ่าย',	0),
(7881,	34,	1399,	'2015-10-02',	'เช้า',	0),
(7882,	34,	1399,	'2015-10-02',	'บ่าย',	0),
(7883,	34,	1400,	'2015-10-01',	'เช้า',	0),
(7884,	34,	1400,	'2015-10-01',	'บ่าย',	0),
(7885,	34,	1400,	'2015-10-02',	'เช้า',	0),
(7886,	34,	1400,	'2015-10-02',	'บ่าย',	0),
(7887,	34,	1401,	'2015-10-01',	'เช้า',	0),
(7888,	34,	1401,	'2015-10-01',	'บ่าย',	0),
(7889,	34,	1401,	'2015-10-02',	'เช้า',	0),
(7890,	34,	1401,	'2015-10-02',	'บ่าย',	0),
(7891,	34,	1402,	'2015-10-01',	'เช้า',	0),
(7892,	34,	1402,	'2015-10-01',	'บ่าย',	0),
(7893,	34,	1402,	'2015-10-02',	'เช้า',	0),
(7894,	34,	1402,	'2015-10-02',	'บ่าย',	0),
(7895,	34,	1403,	'2015-10-01',	'เช้า',	0),
(7896,	34,	1403,	'2015-10-01',	'บ่าย',	0),
(7897,	34,	1403,	'2015-10-02',	'เช้า',	0),
(7898,	34,	1403,	'2015-10-02',	'บ่าย',	0),
(7899,	34,	1404,	'2015-10-01',	'เช้า',	0),
(7900,	34,	1404,	'2015-10-01',	'บ่าย',	0),
(7901,	34,	1404,	'2015-10-02',	'เช้า',	0),
(7902,	34,	1404,	'2015-10-02',	'บ่าย',	0),
(7903,	34,	1405,	'2015-10-01',	'เช้า',	0),
(7904,	34,	1405,	'2015-10-01',	'บ่าย',	0),
(7905,	34,	1405,	'2015-10-02',	'เช้า',	0),
(7906,	34,	1405,	'2015-10-02',	'บ่าย',	0),
(7907,	34,	1406,	'2015-10-01',	'เช้า',	0),
(7908,	34,	1406,	'2015-10-01',	'บ่าย',	0),
(7909,	34,	1406,	'2015-10-02',	'เช้า',	0),
(7910,	34,	1406,	'2015-10-02',	'บ่าย',	0),
(7911,	34,	1407,	'2015-10-01',	'เช้า',	0),
(7912,	34,	1407,	'2015-10-01',	'บ่าย',	0),
(7913,	34,	1407,	'2015-10-02',	'เช้า',	0),
(7914,	34,	1407,	'2015-10-02',	'บ่าย',	0),
(7915,	34,	1408,	'2015-10-01',	'เช้า',	0),
(7916,	34,	1408,	'2015-10-01',	'บ่าย',	0),
(7917,	34,	1408,	'2015-10-02',	'เช้า',	0),
(7918,	34,	1408,	'2015-10-02',	'บ่าย',	0),
(7919,	34,	1409,	'2015-10-01',	'เช้า',	0),
(7920,	34,	1409,	'2015-10-01',	'บ่าย',	0),
(7921,	34,	1409,	'2015-10-02',	'เช้า',	0),
(7922,	34,	1409,	'2015-10-02',	'บ่าย',	0),
(7923,	34,	1410,	'2015-10-01',	'เช้า',	0),
(7924,	34,	1410,	'2015-10-01',	'บ่าย',	0),
(7925,	34,	1410,	'2015-10-02',	'เช้า',	0),
(7926,	34,	1410,	'2015-10-02',	'บ่าย',	0),
(7927,	34,	1411,	'2015-10-01',	'เช้า',	0),
(7928,	34,	1411,	'2015-10-01',	'บ่าย',	0),
(7929,	34,	1411,	'2015-10-02',	'เช้า',	0),
(7930,	34,	1411,	'2015-10-02',	'บ่าย',	0),
(7931,	34,	1412,	'2015-10-01',	'เช้า',	0),
(7932,	34,	1412,	'2015-10-01',	'บ่าย',	0),
(7933,	34,	1412,	'2015-10-02',	'เช้า',	0),
(7934,	34,	1412,	'2015-10-02',	'บ่าย',	0),
(7935,	34,	1413,	'2015-10-01',	'เช้า',	0),
(7936,	34,	1413,	'2015-10-01',	'บ่าย',	0),
(7937,	34,	1413,	'2015-10-02',	'เช้า',	0),
(7938,	34,	1413,	'2015-10-02',	'บ่าย',	0),
(7939,	34,	1414,	'2015-10-01',	'เช้า',	0),
(7940,	34,	1414,	'2015-10-01',	'บ่าย',	0),
(7941,	34,	1414,	'2015-10-02',	'เช้า',	0),
(7942,	34,	1414,	'2015-10-02',	'บ่าย',	0),
(7943,	34,	1415,	'2015-10-01',	'เช้า',	0),
(7944,	34,	1415,	'2015-10-01',	'บ่าย',	0),
(7945,	34,	1415,	'2015-10-02',	'เช้า',	0),
(7946,	34,	1415,	'2015-10-02',	'บ่าย',	0),
(7947,	34,	1416,	'2015-10-01',	'เช้า',	0),
(7948,	34,	1416,	'2015-10-01',	'บ่าย',	0),
(7949,	34,	1416,	'2015-10-02',	'เช้า',	0),
(7950,	34,	1416,	'2015-10-02',	'บ่าย',	0),
(7951,	34,	1417,	'2015-10-01',	'เช้า',	0),
(7952,	34,	1417,	'2015-10-01',	'บ่าย',	0),
(7953,	34,	1417,	'2015-10-02',	'เช้า',	0),
(7954,	34,	1417,	'2015-10-02',	'บ่าย',	0),
(7955,	34,	1418,	'2015-10-01',	'เช้า',	0),
(7956,	34,	1418,	'2015-10-01',	'บ่าย',	0),
(7957,	34,	1418,	'2015-10-02',	'เช้า',	0),
(7958,	34,	1418,	'2015-10-02',	'บ่าย',	0),
(8415,	38,	1533,	'2016-06-01',	'เช้า',	0),
(8416,	38,	1533,	'2016-06-01',	'บ่าย',	0),
(8417,	38,	1533,	'2016-06-02',	'เช้า',	0),
(8418,	38,	1533,	'2016-06-02',	'บ่าย',	0),
(8419,	38,	1534,	'2016-06-01',	'เช้า',	0),
(8420,	38,	1534,	'2016-06-01',	'บ่าย',	0),
(8421,	38,	1534,	'2016-06-02',	'เช้า',	0),
(8422,	38,	1534,	'2016-06-02',	'บ่าย',	0),
(8423,	38,	1535,	'2016-06-01',	'เช้า',	0),
(8424,	38,	1535,	'2016-06-01',	'บ่าย',	0),
(8425,	38,	1535,	'2016-06-02',	'เช้า',	0),
(8426,	38,	1535,	'2016-06-02',	'บ่าย',	0),
(8427,	38,	1536,	'2016-06-01',	'เช้า',	0),
(8428,	38,	1536,	'2016-06-01',	'บ่าย',	0),
(8429,	38,	1536,	'2016-06-02',	'เช้า',	0),
(8430,	38,	1536,	'2016-06-02',	'บ่าย',	0),
(8431,	38,	1537,	'2016-06-01',	'เช้า',	0),
(8432,	38,	1537,	'2016-06-01',	'บ่าย',	0),
(8433,	38,	1537,	'2016-06-02',	'เช้า',	0),
(8434,	38,	1537,	'2016-06-02',	'บ่าย',	0),
(8435,	38,	1538,	'2016-06-01',	'เช้า',	0),
(8436,	38,	1538,	'2016-06-01',	'บ่าย',	0),
(8437,	38,	1538,	'2016-06-02',	'เช้า',	0),
(8438,	38,	1538,	'2016-06-02',	'บ่าย',	0),
(8439,	38,	1539,	'2016-06-01',	'เช้า',	0),
(8440,	38,	1539,	'2016-06-01',	'บ่าย',	0),
(8441,	38,	1539,	'2016-06-02',	'เช้า',	0),
(8442,	38,	1539,	'2016-06-02',	'บ่าย',	0),
(8443,	38,	1540,	'2016-06-01',	'เช้า',	0),
(8444,	38,	1540,	'2016-06-01',	'บ่าย',	0),
(8445,	38,	1540,	'2016-06-02',	'เช้า',	0),
(8446,	38,	1540,	'2016-06-02',	'บ่าย',	0),
(8447,	38,	1541,	'2016-06-01',	'เช้า',	0),
(8448,	38,	1541,	'2016-06-01',	'บ่าย',	0),
(8449,	38,	1541,	'2016-06-02',	'เช้า',	0),
(8450,	38,	1541,	'2016-06-02',	'บ่าย',	0),
(8451,	38,	1542,	'2016-06-01',	'เช้า',	0),
(8452,	38,	1542,	'2016-06-01',	'บ่าย',	0),
(8453,	38,	1542,	'2016-06-02',	'เช้า',	0),
(8454,	38,	1542,	'2016-06-02',	'บ่าย',	0),
(8455,	38,	1543,	'2016-06-01',	'เช้า',	0),
(8456,	38,	1543,	'2016-06-01',	'บ่าย',	0),
(8457,	38,	1543,	'2016-06-02',	'เช้า',	0),
(8458,	38,	1543,	'2016-06-02',	'บ่าย',	0),
(8459,	38,	1544,	'2016-06-01',	'เช้า',	0),
(8460,	38,	1544,	'2016-06-01',	'บ่าย',	0),
(8461,	38,	1544,	'2016-06-02',	'เช้า',	0),
(8462,	38,	1544,	'2016-06-02',	'บ่าย',	0),
(8463,	38,	1545,	'2016-06-01',	'เช้า',	0),
(8464,	38,	1545,	'2016-06-01',	'บ่าย',	0),
(8465,	38,	1545,	'2016-06-02',	'เช้า',	0),
(8466,	38,	1545,	'2016-06-02',	'บ่าย',	0),
(8467,	38,	1546,	'2016-06-01',	'เช้า',	0),
(8468,	38,	1546,	'2016-06-01',	'บ่าย',	0),
(8469,	38,	1546,	'2016-06-02',	'เช้า',	0),
(8470,	38,	1546,	'2016-06-02',	'บ่าย',	0),
(8471,	38,	1547,	'2016-06-01',	'เช้า',	0),
(8472,	38,	1547,	'2016-06-01',	'บ่าย',	0),
(8473,	38,	1547,	'2016-06-02',	'เช้า',	0),
(8474,	38,	1547,	'2016-06-02',	'บ่าย',	0),
(8475,	38,	1548,	'2016-06-01',	'เช้า',	0),
(8476,	38,	1548,	'2016-06-01',	'บ่าย',	0),
(8477,	38,	1548,	'2016-06-02',	'เช้า',	0),
(8478,	38,	1548,	'2016-06-02',	'บ่าย',	0),
(8479,	38,	1549,	'2016-06-01',	'เช้า',	0),
(8480,	38,	1549,	'2016-06-01',	'บ่าย',	0),
(8481,	38,	1549,	'2016-06-02',	'เช้า',	0),
(8482,	38,	1549,	'2016-06-02',	'บ่าย',	0),
(8483,	38,	1550,	'2016-06-01',	'เช้า',	0),
(8484,	38,	1550,	'2016-06-01',	'บ่าย',	0),
(8485,	38,	1550,	'2016-06-02',	'เช้า',	0),
(8486,	38,	1550,	'2016-06-02',	'บ่าย',	0),
(8487,	38,	1551,	'2016-06-01',	'เช้า',	0),
(8488,	38,	1551,	'2016-06-01',	'บ่าย',	0),
(8489,	38,	1551,	'2016-06-02',	'เช้า',	0),
(8490,	38,	1551,	'2016-06-02',	'บ่าย',	0),
(8491,	38,	1552,	'2016-06-01',	'เช้า',	0),
(8492,	38,	1552,	'2016-06-01',	'บ่าย',	0),
(8493,	38,	1552,	'2016-06-02',	'เช้า',	0),
(8494,	38,	1552,	'2016-06-02',	'บ่าย',	0),
(8495,	38,	1553,	'2016-06-01',	'เช้า',	0),
(8496,	38,	1553,	'2016-06-01',	'บ่าย',	0),
(8497,	38,	1553,	'2016-06-02',	'เช้า',	0),
(8498,	38,	1553,	'2016-06-02',	'บ่าย',	0),
(8499,	38,	1554,	'2016-06-01',	'เช้า',	0),
(8500,	38,	1554,	'2016-06-01',	'บ่าย',	0),
(8501,	38,	1554,	'2016-06-02',	'เช้า',	0),
(8502,	38,	1554,	'2016-06-02',	'บ่าย',	0),
(8503,	38,	1555,	'2016-06-01',	'เช้า',	0),
(8504,	38,	1555,	'2016-06-01',	'บ่าย',	0),
(8505,	38,	1555,	'2016-06-02',	'เช้า',	0),
(8506,	38,	1555,	'2016-06-02',	'บ่าย',	0),
(8507,	38,	1556,	'2016-06-01',	'เช้า',	0),
(8508,	38,	1556,	'2016-06-01',	'บ่าย',	0),
(8509,	38,	1556,	'2016-06-02',	'เช้า',	0),
(8510,	38,	1556,	'2016-06-02',	'บ่าย',	0),
(8511,	38,	1557,	'2016-06-01',	'เช้า',	0),
(8512,	38,	1557,	'2016-06-01',	'บ่าย',	0),
(8513,	38,	1557,	'2016-06-02',	'เช้า',	0),
(8514,	38,	1557,	'2016-06-02',	'บ่าย',	0),
(8515,	38,	1558,	'2016-06-01',	'เช้า',	0),
(8516,	38,	1558,	'2016-06-01',	'บ่าย',	0),
(8517,	38,	1558,	'2016-06-02',	'เช้า',	0),
(8518,	38,	1558,	'2016-06-02',	'บ่าย',	0),
(8519,	38,	1559,	'2016-06-01',	'เช้า',	0),
(8520,	38,	1559,	'2016-06-01',	'บ่าย',	0),
(8521,	38,	1559,	'2016-06-02',	'เช้า',	0),
(8522,	38,	1559,	'2016-06-02',	'บ่าย',	0),
(8523,	38,	1560,	'2016-06-01',	'เช้า',	0),
(8524,	38,	1560,	'2016-06-01',	'บ่าย',	0),
(8525,	38,	1560,	'2016-06-02',	'เช้า',	0),
(8526,	38,	1560,	'2016-06-02',	'บ่าย',	0),
(8527,	38,	1561,	'2016-06-01',	'เช้า',	0),
(8528,	38,	1561,	'2016-06-01',	'บ่าย',	0),
(8529,	38,	1561,	'2016-06-02',	'เช้า',	0),
(8530,	38,	1561,	'2016-06-02',	'บ่าย',	0),
(8531,	38,	1562,	'2016-06-01',	'เช้า',	0),
(8532,	38,	1562,	'2016-06-01',	'บ่าย',	0),
(8533,	38,	1562,	'2016-06-02',	'เช้า',	0),
(8534,	38,	1562,	'2016-06-02',	'บ่าย',	0),
(8535,	38,	1563,	'2016-06-01',	'เช้า',	0),
(8536,	38,	1563,	'2016-06-01',	'บ่าย',	0),
(8537,	38,	1563,	'2016-06-02',	'เช้า',	0),
(8538,	38,	1563,	'2016-06-02',	'บ่าย',	0),
(8539,	38,	1564,	'2016-06-01',	'เช้า',	0),
(8540,	38,	1564,	'2016-06-01',	'บ่าย',	0),
(8541,	38,	1564,	'2016-06-02',	'เช้า',	0),
(8542,	38,	1564,	'2016-06-02',	'บ่าย',	0),
(8543,	38,	1565,	'2016-06-01',	'เช้า',	0),
(8544,	38,	1565,	'2016-06-01',	'บ่าย',	0),
(8545,	38,	1565,	'2016-06-02',	'เช้า',	0),
(8546,	38,	1565,	'2016-06-02',	'บ่าย',	0),
(8547,	38,	1566,	'2016-06-01',	'เช้า',	0),
(8548,	38,	1566,	'2016-06-01',	'บ่าย',	0),
(8549,	38,	1566,	'2016-06-02',	'เช้า',	0),
(8550,	38,	1566,	'2016-06-02',	'บ่าย',	0),
(8551,	38,	1567,	'2016-06-01',	'เช้า',	0),
(8552,	38,	1567,	'2016-06-01',	'บ่าย',	0),
(8553,	38,	1567,	'2016-06-02',	'เช้า',	0),
(8554,	38,	1567,	'2016-06-02',	'บ่าย',	0),
(8555,	38,	1568,	'2016-06-01',	'เช้า',	0),
(8556,	38,	1568,	'2016-06-01',	'บ่าย',	0),
(8557,	38,	1568,	'2016-06-02',	'เช้า',	0),
(8558,	38,	1568,	'2016-06-02',	'บ่าย',	0),
(8559,	38,	1569,	'2016-06-01',	'เช้า',	0),
(8560,	38,	1569,	'2016-06-01',	'บ่าย',	0),
(8561,	38,	1569,	'2016-06-02',	'เช้า',	0),
(8562,	38,	1569,	'2016-06-02',	'บ่าย',	0),
(8563,	38,	1570,	'2016-06-01',	'เช้า',	0),
(8564,	38,	1570,	'2016-06-01',	'บ่าย',	0),
(8565,	38,	1570,	'2016-06-02',	'เช้า',	0),
(8566,	38,	1570,	'2016-06-02',	'บ่าย',	0),
(8567,	39,	1571,	'2016-08-06',	'เช้า',	0),
(8568,	39,	1571,	'2016-08-06',	'บ่าย',	0),
(8569,	39,	1571,	'2016-08-07',	'เช้า',	0),
(8570,	39,	1571,	'2016-08-07',	'บ่าย',	0),
(8571,	39,	1572,	'2016-08-06',	'เช้า',	0),
(8572,	39,	1572,	'2016-08-06',	'บ่าย',	0),
(8573,	39,	1572,	'2016-08-07',	'เช้า',	0),
(8574,	39,	1572,	'2016-08-07',	'บ่าย',	0),
(8575,	39,	1573,	'2016-08-06',	'เช้า',	0),
(8576,	39,	1573,	'2016-08-06',	'บ่าย',	0),
(8577,	39,	1573,	'2016-08-07',	'เช้า',	0),
(8578,	39,	1573,	'2016-08-07',	'บ่าย',	0),
(8579,	39,	1574,	'2016-08-06',	'เช้า',	0),
(8580,	39,	1574,	'2016-08-06',	'บ่าย',	0),
(8581,	39,	1574,	'2016-08-07',	'เช้า',	0),
(8582,	39,	1574,	'2016-08-07',	'บ่าย',	0),
(8583,	39,	1575,	'2016-08-06',	'เช้า',	0),
(8584,	39,	1575,	'2016-08-06',	'บ่าย',	0),
(8585,	39,	1575,	'2016-08-07',	'เช้า',	0),
(8586,	39,	1575,	'2016-08-07',	'บ่าย',	0),
(8587,	39,	1576,	'2016-08-06',	'เช้า',	0),
(8588,	39,	1576,	'2016-08-06',	'บ่าย',	0),
(8589,	39,	1576,	'2016-08-07',	'เช้า',	0),
(8590,	39,	1576,	'2016-08-07',	'บ่าย',	0),
(8591,	39,	1577,	'2016-08-06',	'เช้า',	0),
(8592,	39,	1577,	'2016-08-06',	'บ่าย',	0),
(8593,	39,	1577,	'2016-08-07',	'เช้า',	0),
(8594,	39,	1577,	'2016-08-07',	'บ่าย',	0),
(8595,	39,	1578,	'2016-08-06',	'เช้า',	0),
(8596,	39,	1578,	'2016-08-06',	'บ่าย',	0),
(8597,	39,	1578,	'2016-08-07',	'เช้า',	0),
(8598,	39,	1578,	'2016-08-07',	'บ่าย',	0),
(8599,	39,	1579,	'2016-08-06',	'เช้า',	0),
(8600,	39,	1579,	'2016-08-06',	'บ่าย',	0),
(8601,	39,	1579,	'2016-08-07',	'เช้า',	0),
(8602,	39,	1579,	'2016-08-07',	'บ่าย',	0),
(8603,	39,	1580,	'2016-08-06',	'เช้า',	0),
(8604,	39,	1580,	'2016-08-06',	'บ่าย',	0),
(8605,	39,	1580,	'2016-08-07',	'เช้า',	0),
(8606,	39,	1580,	'2016-08-07',	'บ่าย',	0),
(8607,	39,	1581,	'2016-08-06',	'เช้า',	0),
(8608,	39,	1581,	'2016-08-06',	'บ่าย',	0),
(8609,	39,	1581,	'2016-08-07',	'เช้า',	0),
(8610,	39,	1581,	'2016-08-07',	'บ่าย',	0),
(8611,	39,	1582,	'2016-08-06',	'เช้า',	0),
(8612,	39,	1582,	'2016-08-06',	'บ่าย',	0),
(8613,	39,	1582,	'2016-08-07',	'เช้า',	0),
(8614,	39,	1582,	'2016-08-07',	'บ่าย',	0),
(8615,	39,	1583,	'2016-08-06',	'เช้า',	0),
(8616,	39,	1583,	'2016-08-06',	'บ่าย',	0),
(8617,	39,	1583,	'2016-08-07',	'เช้า',	0),
(8618,	39,	1583,	'2016-08-07',	'บ่าย',	0),
(8619,	39,	1584,	'2016-08-06',	'เช้า',	0),
(8620,	39,	1584,	'2016-08-06',	'บ่าย',	0),
(8621,	39,	1584,	'2016-08-07',	'เช้า',	0),
(8622,	39,	1584,	'2016-08-07',	'บ่าย',	0),
(8623,	39,	1585,	'2016-08-06',	'เช้า',	0),
(8624,	39,	1585,	'2016-08-06',	'บ่าย',	0),
(8625,	39,	1585,	'2016-08-07',	'เช้า',	0),
(8626,	39,	1585,	'2016-08-07',	'บ่าย',	0),
(8627,	39,	1586,	'2016-08-06',	'เช้า',	0),
(8628,	39,	1586,	'2016-08-06',	'บ่าย',	0),
(8629,	39,	1586,	'2016-08-07',	'เช้า',	0),
(8630,	39,	1586,	'2016-08-07',	'บ่าย',	0),
(8631,	39,	1587,	'2016-08-06',	'เช้า',	0),
(8632,	39,	1587,	'2016-08-06',	'บ่าย',	0),
(8633,	39,	1587,	'2016-08-07',	'เช้า',	0),
(8634,	39,	1587,	'2016-08-07',	'บ่าย',	0),
(8635,	39,	1588,	'2016-08-06',	'เช้า',	0),
(8636,	39,	1588,	'2016-08-06',	'บ่าย',	0),
(8637,	39,	1588,	'2016-08-07',	'เช้า',	0),
(8638,	39,	1588,	'2016-08-07',	'บ่าย',	0),
(8639,	39,	1589,	'2016-08-06',	'เช้า',	0),
(8640,	39,	1589,	'2016-08-06',	'บ่าย',	0),
(8641,	39,	1589,	'2016-08-07',	'เช้า',	0),
(8642,	39,	1589,	'2016-08-07',	'บ่าย',	0),
(8643,	39,	1590,	'2016-08-06',	'เช้า',	0),
(8644,	39,	1590,	'2016-08-06',	'บ่าย',	0),
(8645,	39,	1590,	'2016-08-07',	'เช้า',	0),
(8646,	39,	1590,	'2016-08-07',	'บ่าย',	0),
(8647,	39,	1591,	'2016-08-06',	'เช้า',	0),
(8648,	39,	1591,	'2016-08-06',	'บ่าย',	0),
(8649,	39,	1591,	'2016-08-07',	'เช้า',	0),
(8650,	39,	1591,	'2016-08-07',	'บ่าย',	0),
(8651,	39,	1592,	'2016-08-06',	'เช้า',	0),
(8652,	39,	1592,	'2016-08-06',	'บ่าย',	0),
(8653,	39,	1592,	'2016-08-07',	'เช้า',	0),
(8654,	39,	1592,	'2016-08-07',	'บ่าย',	0),
(8655,	39,	1593,	'2016-08-06',	'เช้า',	0),
(8656,	39,	1593,	'2016-08-06',	'บ่าย',	0),
(8657,	39,	1593,	'2016-08-07',	'เช้า',	0),
(8658,	39,	1593,	'2016-08-07',	'บ่าย',	0),
(8659,	39,	1594,	'2016-08-06',	'เช้า',	0),
(8660,	39,	1594,	'2016-08-06',	'บ่าย',	0),
(8661,	39,	1594,	'2016-08-07',	'เช้า',	0),
(8662,	39,	1594,	'2016-08-07',	'บ่าย',	0),
(8663,	39,	1595,	'2016-08-06',	'เช้า',	0),
(8664,	39,	1595,	'2016-08-06',	'บ่าย',	0),
(8665,	39,	1595,	'2016-08-07',	'เช้า',	0),
(8666,	39,	1595,	'2016-08-07',	'บ่าย',	0),
(8667,	39,	1596,	'2016-08-06',	'เช้า',	0),
(8668,	39,	1596,	'2016-08-06',	'บ่าย',	0),
(8669,	39,	1596,	'2016-08-07',	'เช้า',	0),
(8670,	39,	1596,	'2016-08-07',	'บ่าย',	0),
(8671,	39,	1597,	'2016-08-06',	'เช้า',	0),
(8672,	39,	1597,	'2016-08-06',	'บ่าย',	0),
(8673,	39,	1597,	'2016-08-07',	'เช้า',	0),
(8674,	39,	1597,	'2016-08-07',	'บ่าย',	0),
(8675,	39,	1598,	'2016-08-06',	'เช้า',	0),
(8676,	39,	1598,	'2016-08-06',	'บ่าย',	0),
(8677,	39,	1598,	'2016-08-07',	'เช้า',	0),
(8678,	39,	1598,	'2016-08-07',	'บ่าย',	0),
(8679,	39,	1599,	'2016-08-06',	'เช้า',	0),
(8680,	39,	1599,	'2016-08-06',	'บ่าย',	0),
(8681,	39,	1599,	'2016-08-07',	'เช้า',	0),
(8682,	39,	1599,	'2016-08-07',	'บ่าย',	0),
(8683,	39,	1600,	'2016-08-06',	'เช้า',	0),
(8684,	39,	1600,	'2016-08-06',	'บ่าย',	0),
(8685,	39,	1600,	'2016-08-07',	'เช้า',	0),
(8686,	39,	1600,	'2016-08-07',	'บ่าย',	0),
(8687,	39,	1601,	'2016-08-06',	'เช้า',	0),
(8688,	39,	1601,	'2016-08-06',	'บ่าย',	0),
(8689,	39,	1601,	'2016-08-07',	'เช้า',	0),
(8690,	39,	1601,	'2016-08-07',	'บ่าย',	0),
(8691,	39,	1602,	'2016-08-06',	'เช้า',	0),
(8692,	39,	1602,	'2016-08-06',	'บ่าย',	0),
(8693,	39,	1602,	'2016-08-07',	'เช้า',	0),
(8694,	39,	1602,	'2016-08-07',	'บ่าย',	0),
(8695,	39,	1603,	'2016-08-06',	'เช้า',	0),
(8696,	39,	1603,	'2016-08-06',	'บ่าย',	0),
(8697,	39,	1603,	'2016-08-07',	'เช้า',	0),
(8698,	39,	1603,	'2016-08-07',	'บ่าย',	0),
(8699,	39,	1604,	'2016-08-06',	'เช้า',	0),
(8700,	39,	1604,	'2016-08-06',	'บ่าย',	0),
(8701,	39,	1604,	'2016-08-07',	'เช้า',	0),
(8702,	39,	1604,	'2016-08-07',	'บ่าย',	0),
(8703,	39,	1605,	'2016-08-06',	'เช้า',	0),
(8704,	39,	1605,	'2016-08-06',	'บ่าย',	0),
(8705,	39,	1605,	'2016-08-07',	'เช้า',	0),
(8706,	39,	1605,	'2016-08-07',	'บ่าย',	0),
(8707,	39,	1606,	'2016-08-06',	'เช้า',	0),
(8708,	39,	1606,	'2016-08-06',	'บ่าย',	0),
(8709,	39,	1606,	'2016-08-07',	'เช้า',	0),
(8710,	39,	1606,	'2016-08-07',	'บ่าย',	0),
(8711,	39,	1607,	'2016-08-06',	'เช้า',	0),
(8712,	39,	1607,	'2016-08-06',	'บ่าย',	0),
(8713,	39,	1607,	'2016-08-07',	'เช้า',	0),
(8714,	39,	1607,	'2016-08-07',	'บ่าย',	0),
(8715,	39,	1608,	'2016-08-06',	'เช้า',	0),
(8716,	39,	1608,	'2016-08-06',	'บ่าย',	0),
(8717,	39,	1608,	'2016-08-07',	'เช้า',	0),
(8718,	39,	1608,	'2016-08-07',	'บ่าย',	0),
(8719,	40,	1609,	'2016-10-01',	'เช้า',	0),
(8720,	40,	1609,	'2016-10-01',	'บ่าย',	0),
(8721,	40,	1609,	'2016-10-02',	'เช้า',	0),
(8722,	40,	1609,	'2016-10-02',	'บ่าย',	0),
(8723,	40,	1610,	'2016-10-01',	'เช้า',	0),
(8724,	40,	1610,	'2016-10-01',	'บ่าย',	0),
(8725,	40,	1610,	'2016-10-02',	'เช้า',	0),
(8726,	40,	1610,	'2016-10-02',	'บ่าย',	0),
(8727,	40,	1611,	'2016-10-01',	'เช้า',	0),
(8728,	40,	1611,	'2016-10-01',	'บ่าย',	0),
(8729,	40,	1611,	'2016-10-02',	'เช้า',	0),
(8730,	40,	1611,	'2016-10-02',	'บ่าย',	0),
(8731,	40,	1612,	'2016-10-01',	'เช้า',	0),
(8732,	40,	1612,	'2016-10-01',	'บ่าย',	0),
(8733,	40,	1612,	'2016-10-02',	'เช้า',	0),
(8734,	40,	1612,	'2016-10-02',	'บ่าย',	0),
(8735,	40,	1613,	'2016-10-01',	'เช้า',	0),
(8736,	40,	1613,	'2016-10-01',	'บ่าย',	0),
(8737,	40,	1613,	'2016-10-02',	'เช้า',	0),
(8738,	40,	1613,	'2016-10-02',	'บ่าย',	0),
(8739,	40,	1614,	'2016-10-01',	'เช้า',	0),
(8740,	40,	1614,	'2016-10-01',	'บ่าย',	0),
(8741,	40,	1614,	'2016-10-02',	'เช้า',	0),
(8742,	40,	1614,	'2016-10-02',	'บ่าย',	0),
(8743,	40,	1615,	'2016-10-01',	'เช้า',	0),
(8744,	40,	1615,	'2016-10-01',	'บ่าย',	0),
(8745,	40,	1615,	'2016-10-02',	'เช้า',	0),
(8746,	40,	1615,	'2016-10-02',	'บ่าย',	0),
(8747,	40,	1616,	'2016-10-01',	'เช้า',	0),
(8748,	40,	1616,	'2016-10-01',	'บ่าย',	0),
(8749,	40,	1616,	'2016-10-02',	'เช้า',	0),
(8750,	40,	1616,	'2016-10-02',	'บ่าย',	0),
(8751,	40,	1617,	'2016-10-01',	'เช้า',	0),
(8752,	40,	1617,	'2016-10-01',	'บ่าย',	0),
(8753,	40,	1617,	'2016-10-02',	'เช้า',	0),
(8754,	40,	1617,	'2016-10-02',	'บ่าย',	0),
(8755,	40,	1618,	'2016-10-01',	'เช้า',	0),
(8756,	40,	1618,	'2016-10-01',	'บ่าย',	0),
(8757,	40,	1618,	'2016-10-02',	'เช้า',	0),
(8758,	40,	1618,	'2016-10-02',	'บ่าย',	0),
(8759,	40,	1619,	'2016-10-01',	'เช้า',	0),
(8760,	40,	1619,	'2016-10-01',	'บ่าย',	0),
(8761,	40,	1619,	'2016-10-02',	'เช้า',	0),
(8762,	40,	1619,	'2016-10-02',	'บ่าย',	0),
(8763,	40,	1620,	'2016-10-01',	'เช้า',	0),
(8764,	40,	1620,	'2016-10-01',	'บ่าย',	0),
(8765,	40,	1620,	'2016-10-02',	'เช้า',	0),
(8766,	40,	1620,	'2016-10-02',	'บ่าย',	0),
(8767,	40,	1621,	'2016-10-01',	'เช้า',	0),
(8768,	40,	1621,	'2016-10-01',	'บ่าย',	0),
(8769,	40,	1621,	'2016-10-02',	'เช้า',	0),
(8770,	40,	1621,	'2016-10-02',	'บ่าย',	0),
(8771,	40,	1622,	'2016-10-01',	'เช้า',	0),
(8772,	40,	1622,	'2016-10-01',	'บ่าย',	0),
(8773,	40,	1622,	'2016-10-02',	'เช้า',	0),
(8774,	40,	1622,	'2016-10-02',	'บ่าย',	0),
(8775,	40,	1623,	'2016-10-01',	'เช้า',	0),
(8776,	40,	1623,	'2016-10-01',	'บ่าย',	0),
(8777,	40,	1623,	'2016-10-02',	'เช้า',	0),
(8778,	40,	1623,	'2016-10-02',	'บ่าย',	0),
(8779,	40,	1624,	'2016-10-01',	'เช้า',	0),
(8780,	40,	1624,	'2016-10-01',	'บ่าย',	0),
(8781,	40,	1624,	'2016-10-02',	'เช้า',	0),
(8782,	40,	1624,	'2016-10-02',	'บ่าย',	0),
(8783,	40,	1625,	'2016-10-01',	'เช้า',	0),
(8784,	40,	1625,	'2016-10-01',	'บ่าย',	0),
(8785,	40,	1625,	'2016-10-02',	'เช้า',	0),
(8786,	40,	1625,	'2016-10-02',	'บ่าย',	0),
(8787,	40,	1626,	'2016-10-01',	'เช้า',	0),
(8788,	40,	1626,	'2016-10-01',	'บ่าย',	0),
(8789,	40,	1626,	'2016-10-02',	'เช้า',	0),
(8790,	40,	1626,	'2016-10-02',	'บ่าย',	0),
(8791,	40,	1627,	'2016-10-01',	'เช้า',	0),
(8792,	40,	1627,	'2016-10-01',	'บ่าย',	0),
(8793,	40,	1627,	'2016-10-02',	'เช้า',	0),
(8794,	40,	1627,	'2016-10-02',	'บ่าย',	0),
(8795,	40,	1628,	'2016-10-01',	'เช้า',	0),
(8796,	40,	1628,	'2016-10-01',	'บ่าย',	0),
(8797,	40,	1628,	'2016-10-02',	'เช้า',	0),
(8798,	40,	1628,	'2016-10-02',	'บ่าย',	0),
(8799,	40,	1629,	'2016-10-01',	'เช้า',	0),
(8800,	40,	1629,	'2016-10-01',	'บ่าย',	0),
(8801,	40,	1629,	'2016-10-02',	'เช้า',	0),
(8802,	40,	1629,	'2016-10-02',	'บ่าย',	0),
(8803,	40,	1630,	'2016-10-01',	'เช้า',	0),
(8804,	40,	1630,	'2016-10-01',	'บ่าย',	0),
(8805,	40,	1630,	'2016-10-02',	'เช้า',	0),
(8806,	40,	1630,	'2016-10-02',	'บ่าย',	0),
(8807,	40,	1631,	'2016-10-01',	'เช้า',	0),
(8808,	40,	1631,	'2016-10-01',	'บ่าย',	0),
(8809,	40,	1631,	'2016-10-02',	'เช้า',	0),
(8810,	40,	1631,	'2016-10-02',	'บ่าย',	0),
(8811,	40,	1632,	'2016-10-01',	'เช้า',	0),
(8812,	40,	1632,	'2016-10-01',	'บ่าย',	0),
(8813,	40,	1632,	'2016-10-02',	'เช้า',	0),
(8814,	40,	1632,	'2016-10-02',	'บ่าย',	0),
(8815,	40,	1633,	'2016-10-01',	'เช้า',	0),
(8816,	40,	1633,	'2016-10-01',	'บ่าย',	0),
(8817,	40,	1633,	'2016-10-02',	'เช้า',	0),
(8818,	40,	1633,	'2016-10-02',	'บ่าย',	0),
(8819,	40,	1634,	'2016-10-01',	'เช้า',	0),
(8820,	40,	1634,	'2016-10-01',	'บ่าย',	0),
(8821,	40,	1634,	'2016-10-02',	'เช้า',	0),
(8822,	40,	1634,	'2016-10-02',	'บ่าย',	0),
(8823,	40,	1635,	'2016-10-01',	'เช้า',	0),
(8824,	40,	1635,	'2016-10-01',	'บ่าย',	0),
(8825,	40,	1635,	'2016-10-02',	'เช้า',	0),
(8826,	40,	1635,	'2016-10-02',	'บ่าย',	0),
(8827,	40,	1636,	'2016-10-01',	'เช้า',	0),
(8828,	40,	1636,	'2016-10-01',	'บ่าย',	0),
(8829,	40,	1636,	'2016-10-02',	'เช้า',	0),
(8830,	40,	1636,	'2016-10-02',	'บ่าย',	0),
(8831,	40,	1637,	'2016-10-01',	'เช้า',	0),
(8832,	40,	1637,	'2016-10-01',	'บ่าย',	0),
(8833,	40,	1637,	'2016-10-02',	'เช้า',	0),
(8834,	40,	1637,	'2016-10-02',	'บ่าย',	0),
(8835,	40,	1638,	'2016-10-01',	'เช้า',	0),
(8836,	40,	1638,	'2016-10-01',	'บ่าย',	0),
(8837,	40,	1638,	'2016-10-02',	'เช้า',	0),
(8838,	40,	1638,	'2016-10-02',	'บ่าย',	0),
(8839,	40,	1639,	'2016-10-01',	'เช้า',	0),
(8840,	40,	1639,	'2016-10-01',	'บ่าย',	0),
(8841,	40,	1639,	'2016-10-02',	'เช้า',	0),
(8842,	40,	1639,	'2016-10-02',	'บ่าย',	0),
(8843,	40,	1640,	'2016-10-01',	'เช้า',	0),
(8844,	40,	1640,	'2016-10-01',	'บ่าย',	0),
(8845,	40,	1640,	'2016-10-02',	'เช้า',	0),
(8846,	40,	1640,	'2016-10-02',	'บ่าย',	0),
(8847,	40,	1641,	'2016-10-01',	'เช้า',	0),
(8848,	40,	1641,	'2016-10-01',	'บ่าย',	0),
(8849,	40,	1641,	'2016-10-02',	'เช้า',	0),
(8850,	40,	1641,	'2016-10-02',	'บ่าย',	0),
(8851,	40,	1642,	'2016-10-01',	'เช้า',	0),
(8852,	40,	1642,	'2016-10-01',	'บ่าย',	0),
(8853,	40,	1642,	'2016-10-02',	'เช้า',	0),
(8854,	40,	1642,	'2016-10-02',	'บ่าย',	0),
(8855,	40,	1643,	'2016-10-01',	'เช้า',	0),
(8856,	40,	1643,	'2016-10-01',	'บ่าย',	0),
(8857,	40,	1643,	'2016-10-02',	'เช้า',	0),
(8858,	40,	1643,	'2016-10-02',	'บ่าย',	0),
(8859,	40,	1644,	'2016-10-01',	'เช้า',	0),
(8860,	40,	1644,	'2016-10-01',	'บ่าย',	0),
(8861,	40,	1644,	'2016-10-02',	'เช้า',	0),
(8862,	40,	1644,	'2016-10-02',	'บ่าย',	0),
(8863,	40,	1645,	'2016-10-01',	'เช้า',	0),
(8864,	40,	1645,	'2016-10-01',	'บ่าย',	0),
(8865,	40,	1645,	'2016-10-02',	'เช้า',	0),
(8866,	40,	1645,	'2016-10-02',	'บ่าย',	0),
(8867,	40,	1646,	'2016-10-01',	'เช้า',	0),
(8868,	40,	1646,	'2016-10-01',	'บ่าย',	0),
(8869,	40,	1646,	'2016-10-02',	'เช้า',	0),
(8870,	40,	1646,	'2016-10-02',	'บ่าย',	0),
(8871,	41,	1647,	'2017-07-15',	'เช้า',	0),
(8872,	41,	1647,	'2017-07-15',	'บ่าย',	0),
(8873,	41,	1647,	'2017-07-16',	'เช้า',	0),
(8874,	41,	1647,	'2017-07-16',	'บ่าย',	0),
(8875,	41,	1648,	'2017-07-15',	'เช้า',	0),
(8876,	41,	1648,	'2017-07-15',	'บ่าย',	0),
(8877,	41,	1648,	'2017-07-16',	'เช้า',	0),
(8878,	41,	1648,	'2017-07-16',	'บ่าย',	0),
(8879,	41,	1649,	'2017-07-15',	'เช้า',	0),
(8880,	41,	1649,	'2017-07-15',	'บ่าย',	0),
(8881,	41,	1649,	'2017-07-16',	'เช้า',	0),
(8882,	41,	1649,	'2017-07-16',	'บ่าย',	0),
(8883,	41,	1650,	'2017-07-15',	'เช้า',	0),
(8884,	41,	1650,	'2017-07-15',	'บ่าย',	0),
(8885,	41,	1650,	'2017-07-16',	'เช้า',	0),
(8886,	41,	1650,	'2017-07-16',	'บ่าย',	0),
(8887,	41,	1651,	'2017-07-15',	'เช้า',	0),
(8888,	41,	1651,	'2017-07-15',	'บ่าย',	0),
(8889,	41,	1651,	'2017-07-16',	'เช้า',	0),
(8890,	41,	1651,	'2017-07-16',	'บ่าย',	0),
(8891,	41,	1652,	'2017-07-15',	'เช้า',	0),
(8892,	41,	1652,	'2017-07-15',	'บ่าย',	0),
(8893,	41,	1652,	'2017-07-16',	'เช้า',	0),
(8894,	41,	1652,	'2017-07-16',	'บ่าย',	0),
(8895,	41,	1653,	'2017-07-15',	'เช้า',	0),
(8896,	41,	1653,	'2017-07-15',	'บ่าย',	0),
(8897,	41,	1653,	'2017-07-16',	'เช้า',	0),
(8898,	41,	1653,	'2017-07-16',	'บ่าย',	0),
(8899,	41,	1654,	'2017-07-15',	'เช้า',	0),
(8900,	41,	1654,	'2017-07-15',	'บ่าย',	0),
(8901,	41,	1654,	'2017-07-16',	'เช้า',	0),
(8902,	41,	1654,	'2017-07-16',	'บ่าย',	0),
(8903,	41,	1655,	'2017-07-15',	'เช้า',	0),
(8904,	41,	1655,	'2017-07-15',	'บ่าย',	0),
(8905,	41,	1655,	'2017-07-16',	'เช้า',	0),
(8906,	41,	1655,	'2017-07-16',	'บ่าย',	0),
(8907,	41,	1656,	'2017-07-15',	'เช้า',	0),
(8908,	41,	1656,	'2017-07-15',	'บ่าย',	0),
(8909,	41,	1656,	'2017-07-16',	'เช้า',	0),
(8910,	41,	1656,	'2017-07-16',	'บ่าย',	0),
(8911,	41,	1657,	'2017-07-15',	'เช้า',	0),
(8912,	41,	1657,	'2017-07-15',	'บ่าย',	0),
(8913,	41,	1657,	'2017-07-16',	'เช้า',	0),
(8914,	41,	1657,	'2017-07-16',	'บ่าย',	0),
(8915,	41,	1658,	'2017-07-15',	'เช้า',	0),
(8916,	41,	1658,	'2017-07-15',	'บ่าย',	0),
(8917,	41,	1658,	'2017-07-16',	'เช้า',	0),
(8918,	41,	1658,	'2017-07-16',	'บ่าย',	0),
(8919,	41,	1659,	'2017-07-15',	'เช้า',	0),
(8920,	41,	1659,	'2017-07-15',	'บ่าย',	0),
(8921,	41,	1659,	'2017-07-16',	'เช้า',	0),
(8922,	41,	1659,	'2017-07-16',	'บ่าย',	0),
(8923,	41,	1660,	'2017-07-15',	'เช้า',	0),
(8924,	41,	1660,	'2017-07-15',	'บ่าย',	0),
(8925,	41,	1660,	'2017-07-16',	'เช้า',	0),
(8926,	41,	1660,	'2017-07-16',	'บ่าย',	0),
(8927,	41,	1661,	'2017-07-15',	'เช้า',	0),
(8928,	41,	1661,	'2017-07-15',	'บ่าย',	0),
(8929,	41,	1661,	'2017-07-16',	'เช้า',	0),
(8930,	41,	1661,	'2017-07-16',	'บ่าย',	0),
(8931,	41,	1662,	'2017-07-15',	'เช้า',	0),
(8932,	41,	1662,	'2017-07-15',	'บ่าย',	0),
(8933,	41,	1662,	'2017-07-16',	'เช้า',	0),
(8934,	41,	1662,	'2017-07-16',	'บ่าย',	0),
(8935,	41,	1663,	'2017-07-15',	'เช้า',	0),
(8936,	41,	1663,	'2017-07-15',	'บ่าย',	0),
(8937,	41,	1663,	'2017-07-16',	'เช้า',	0),
(8938,	41,	1663,	'2017-07-16',	'บ่าย',	0),
(8939,	41,	1664,	'2017-07-15',	'เช้า',	0),
(8940,	41,	1664,	'2017-07-15',	'บ่าย',	0),
(8941,	41,	1664,	'2017-07-16',	'เช้า',	0),
(8942,	41,	1664,	'2017-07-16',	'บ่าย',	0),
(8943,	41,	1665,	'2017-07-15',	'เช้า',	0),
(8944,	41,	1665,	'2017-07-15',	'บ่าย',	0),
(8945,	41,	1665,	'2017-07-16',	'เช้า',	0),
(8946,	41,	1665,	'2017-07-16',	'บ่าย',	0),
(8947,	41,	1666,	'2017-07-15',	'เช้า',	0),
(8948,	41,	1666,	'2017-07-15',	'บ่าย',	0),
(8949,	41,	1666,	'2017-07-16',	'เช้า',	0),
(8950,	41,	1666,	'2017-07-16',	'บ่าย',	0),
(8951,	41,	1667,	'2017-07-15',	'เช้า',	0),
(8952,	41,	1667,	'2017-07-15',	'บ่าย',	0),
(8953,	41,	1667,	'2017-07-16',	'เช้า',	0),
(8954,	41,	1667,	'2017-07-16',	'บ่าย',	0),
(8955,	41,	1668,	'2017-07-15',	'เช้า',	0),
(8956,	41,	1668,	'2017-07-15',	'บ่าย',	0),
(8957,	41,	1668,	'2017-07-16',	'เช้า',	0),
(8958,	41,	1668,	'2017-07-16',	'บ่าย',	0),
(8959,	41,	1669,	'2017-07-15',	'เช้า',	0),
(8960,	41,	1669,	'2017-07-15',	'บ่าย',	0),
(8961,	41,	1669,	'2017-07-16',	'เช้า',	0),
(8962,	41,	1669,	'2017-07-16',	'บ่าย',	0),
(8963,	41,	1670,	'2017-07-15',	'เช้า',	0),
(8964,	41,	1670,	'2017-07-15',	'บ่าย',	0),
(8965,	41,	1670,	'2017-07-16',	'เช้า',	0),
(8966,	41,	1670,	'2017-07-16',	'บ่าย',	0),
(8967,	41,	1671,	'2017-07-15',	'เช้า',	0),
(8968,	41,	1671,	'2017-07-15',	'บ่าย',	0),
(8969,	41,	1671,	'2017-07-16',	'เช้า',	0),
(8970,	41,	1671,	'2017-07-16',	'บ่าย',	0),
(8971,	41,	1672,	'2017-07-15',	'เช้า',	0),
(8972,	41,	1672,	'2017-07-15',	'บ่าย',	0),
(8973,	41,	1672,	'2017-07-16',	'เช้า',	0),
(8974,	41,	1672,	'2017-07-16',	'บ่าย',	0),
(8975,	41,	1673,	'2017-07-15',	'เช้า',	0),
(8976,	41,	1673,	'2017-07-15',	'บ่าย',	0),
(8977,	41,	1673,	'2017-07-16',	'เช้า',	0),
(8978,	41,	1673,	'2017-07-16',	'บ่าย',	0),
(8979,	41,	1674,	'2017-07-15',	'เช้า',	0),
(8980,	41,	1674,	'2017-07-15',	'บ่าย',	0),
(8981,	41,	1674,	'2017-07-16',	'เช้า',	0),
(8982,	41,	1674,	'2017-07-16',	'บ่าย',	0),
(8983,	41,	1675,	'2017-07-15',	'เช้า',	0),
(8984,	41,	1675,	'2017-07-15',	'บ่าย',	0),
(8985,	41,	1675,	'2017-07-16',	'เช้า',	0),
(8986,	41,	1675,	'2017-07-16',	'บ่าย',	0),
(8987,	41,	1676,	'2017-07-15',	'เช้า',	0),
(8988,	41,	1676,	'2017-07-15',	'บ่าย',	0),
(8989,	41,	1676,	'2017-07-16',	'เช้า',	0),
(8990,	41,	1676,	'2017-07-16',	'บ่าย',	0),
(8991,	41,	1677,	'2017-07-15',	'เช้า',	0),
(8992,	41,	1677,	'2017-07-15',	'บ่าย',	0),
(8993,	41,	1677,	'2017-07-16',	'เช้า',	0),
(8994,	41,	1677,	'2017-07-16',	'บ่าย',	0),
(8995,	41,	1678,	'2017-07-15',	'เช้า',	0),
(8996,	41,	1678,	'2017-07-15',	'บ่าย',	0),
(8997,	41,	1678,	'2017-07-16',	'เช้า',	0),
(8998,	41,	1678,	'2017-07-16',	'บ่าย',	0),
(8999,	41,	1679,	'2017-07-15',	'เช้า',	0),
(9000,	41,	1679,	'2017-07-15',	'บ่าย',	0),
(9001,	41,	1679,	'2017-07-16',	'เช้า',	0),
(9002,	41,	1679,	'2017-07-16',	'บ่าย',	0),
(9003,	41,	1680,	'2017-07-15',	'เช้า',	0),
(9004,	41,	1680,	'2017-07-15',	'บ่าย',	0),
(9005,	41,	1680,	'2017-07-16',	'เช้า',	0),
(9006,	41,	1680,	'2017-07-16',	'บ่าย',	0),
(9007,	41,	1681,	'2017-07-15',	'เช้า',	0),
(9008,	41,	1681,	'2017-07-15',	'บ่าย',	0),
(9009,	41,	1681,	'2017-07-16',	'เช้า',	0),
(9010,	41,	1681,	'2017-07-16',	'บ่าย',	0),
(9011,	41,	1682,	'2017-07-15',	'เช้า',	0),
(9012,	41,	1682,	'2017-07-15',	'บ่าย',	0),
(9013,	41,	1682,	'2017-07-16',	'เช้า',	0),
(9014,	41,	1682,	'2017-07-16',	'บ่าย',	0),
(9015,	41,	1683,	'2017-07-15',	'เช้า',	0),
(9016,	41,	1683,	'2017-07-15',	'บ่าย',	0),
(9017,	41,	1683,	'2017-07-16',	'เช้า',	0),
(9018,	41,	1683,	'2017-07-16',	'บ่าย',	0),
(9019,	41,	1684,	'2017-07-15',	'เช้า',	0),
(9020,	41,	1684,	'2017-07-15',	'บ่าย',	0),
(9021,	41,	1684,	'2017-07-16',	'เช้า',	0),
(9022,	41,	1684,	'2017-07-16',	'บ่าย',	0),
(9023,	41,	1685,	'2017-07-15',	'เช้า',	0),
(9024,	41,	1685,	'2017-07-15',	'บ่าย',	0),
(9025,	41,	1685,	'2017-07-16',	'เช้า',	0),
(9026,	41,	1685,	'2017-07-16',	'บ่าย',	0),
(9027,	41,	1686,	'2017-07-15',	'เช้า',	0),
(9028,	41,	1686,	'2017-07-15',	'บ่าย',	0),
(9029,	41,	1686,	'2017-07-16',	'เช้า',	0),
(9030,	41,	1686,	'2017-07-16',	'บ่าย',	0),
(9031,	41,	1687,	'2017-07-15',	'เช้า',	0),
(9032,	41,	1687,	'2017-07-15',	'บ่าย',	0),
(9033,	41,	1687,	'2017-07-16',	'เช้า',	0),
(9034,	41,	1687,	'2017-07-16',	'บ่าย',	0),
(9035,	41,	1688,	'2017-07-15',	'เช้า',	0),
(9036,	41,	1688,	'2017-07-15',	'บ่าย',	0),
(9037,	41,	1688,	'2017-07-16',	'เช้า',	0),
(9038,	41,	1688,	'2017-07-16',	'บ่าย',	0),
(9039,	41,	1689,	'2017-07-15',	'เช้า',	0),
(9040,	41,	1689,	'2017-07-15',	'บ่าย',	0),
(9041,	41,	1689,	'2017-07-16',	'เช้า',	0),
(9042,	41,	1689,	'2017-07-16',	'บ่าย',	0),
(9043,	41,	1690,	'2017-07-15',	'เช้า',	0),
(9044,	41,	1690,	'2017-07-15',	'บ่าย',	0),
(9045,	41,	1690,	'2017-07-16',	'เช้า',	0),
(9046,	41,	1690,	'2017-07-16',	'บ่าย',	0),
(9047,	41,	1691,	'2017-07-15',	'เช้า',	0),
(9048,	41,	1691,	'2017-07-15',	'บ่าย',	0),
(9049,	41,	1691,	'2017-07-16',	'เช้า',	0),
(9050,	41,	1691,	'2017-07-16',	'บ่าย',	0),
(9051,	41,	1692,	'2017-07-15',	'เช้า',	0),
(9052,	41,	1692,	'2017-07-15',	'บ่าย',	0),
(9053,	41,	1692,	'2017-07-16',	'เช้า',	0),
(9054,	41,	1692,	'2017-07-16',	'บ่าย',	0),
(9055,	41,	1693,	'2017-07-15',	'เช้า',	0),
(9056,	41,	1693,	'2017-07-15',	'บ่าย',	0),
(9057,	41,	1693,	'2017-07-16',	'เช้า',	0),
(9058,	41,	1693,	'2017-07-16',	'บ่าย',	0),
(9059,	41,	1694,	'2017-07-15',	'เช้า',	0),
(9060,	41,	1694,	'2017-07-15',	'บ่าย',	0),
(9061,	41,	1694,	'2017-07-16',	'เช้า',	0),
(9062,	41,	1694,	'2017-07-16',	'บ่าย',	0),
(9063,	41,	1695,	'2017-07-15',	'เช้า',	0),
(9064,	41,	1695,	'2017-07-15',	'บ่าย',	0),
(9065,	41,	1695,	'2017-07-16',	'เช้า',	0),
(9066,	41,	1695,	'2017-07-16',	'บ่าย',	0),
(9067,	41,	1696,	'2017-07-15',	'เช้า',	0),
(9068,	41,	1696,	'2017-07-15',	'บ่าย',	0),
(9069,	41,	1696,	'2017-07-16',	'เช้า',	0),
(9070,	41,	1696,	'2017-07-16',	'บ่าย',	0),
(9071,	41,	1697,	'2017-07-15',	'เช้า',	0),
(9072,	41,	1697,	'2017-07-15',	'บ่าย',	0),
(9073,	41,	1697,	'2017-07-16',	'เช้า',	0),
(9074,	41,	1697,	'2017-07-16',	'บ่าย',	0),
(9075,	41,	1698,	'2017-07-15',	'เช้า',	0),
(9076,	41,	1698,	'2017-07-15',	'บ่าย',	0),
(9077,	41,	1698,	'2017-07-16',	'เช้า',	0),
(9078,	41,	1698,	'2017-07-16',	'บ่าย',	0),
(9079,	41,	1699,	'2017-07-15',	'เช้า',	0),
(9080,	41,	1699,	'2017-07-15',	'บ่าย',	0),
(9081,	41,	1699,	'2017-07-16',	'เช้า',	0),
(9082,	41,	1699,	'2017-07-16',	'บ่าย',	0),
(9083,	41,	1700,	'2017-07-15',	'เช้า',	0),
(9084,	41,	1700,	'2017-07-15',	'บ่าย',	0),
(9085,	41,	1700,	'2017-07-16',	'เช้า',	0),
(9086,	41,	1700,	'2017-07-16',	'บ่าย',	0),
(9087,	42,	1701,	'2017-08-12',	'เช้า',	0),
(9088,	42,	1701,	'2017-08-12',	'บ่าย',	0),
(9089,	42,	1701,	'2017-08-13',	'เช้า',	0),
(9090,	42,	1701,	'2017-08-13',	'บ่าย',	0),
(9091,	42,	1702,	'2017-08-12',	'เช้า',	0),
(9092,	42,	1702,	'2017-08-12',	'บ่าย',	0),
(9093,	42,	1702,	'2017-08-13',	'เช้า',	0),
(9094,	42,	1702,	'2017-08-13',	'บ่าย',	0),
(9095,	42,	1703,	'2017-08-12',	'เช้า',	0),
(9096,	42,	1703,	'2017-08-12',	'บ่าย',	0),
(9097,	42,	1703,	'2017-08-13',	'เช้า',	0),
(9098,	42,	1703,	'2017-08-13',	'บ่าย',	0),
(9099,	42,	1704,	'2017-08-12',	'เช้า',	0),
(9100,	42,	1704,	'2017-08-12',	'บ่าย',	0),
(9101,	42,	1704,	'2017-08-13',	'เช้า',	0),
(9102,	42,	1704,	'2017-08-13',	'บ่าย',	0),
(9103,	42,	1705,	'2017-08-12',	'เช้า',	0),
(9104,	42,	1705,	'2017-08-12',	'บ่าย',	0),
(9105,	42,	1705,	'2017-08-13',	'เช้า',	0),
(9106,	42,	1705,	'2017-08-13',	'บ่าย',	0),
(9107,	42,	1706,	'2017-08-12',	'เช้า',	0),
(9108,	42,	1706,	'2017-08-12',	'บ่าย',	0),
(9109,	42,	1706,	'2017-08-13',	'เช้า',	0),
(9110,	42,	1706,	'2017-08-13',	'บ่าย',	0),
(9111,	42,	1707,	'2017-08-12',	'เช้า',	0),
(9112,	42,	1707,	'2017-08-12',	'บ่าย',	0),
(9113,	42,	1707,	'2017-08-13',	'เช้า',	0),
(9114,	42,	1707,	'2017-08-13',	'บ่าย',	0),
(9115,	42,	1708,	'2017-08-12',	'เช้า',	0),
(9116,	42,	1708,	'2017-08-12',	'บ่าย',	0),
(9117,	42,	1708,	'2017-08-13',	'เช้า',	0),
(9118,	42,	1708,	'2017-08-13',	'บ่าย',	0),
(9119,	42,	1709,	'2017-08-12',	'เช้า',	0),
(9120,	42,	1709,	'2017-08-12',	'บ่าย',	0),
(9121,	42,	1709,	'2017-08-13',	'เช้า',	0),
(9122,	42,	1709,	'2017-08-13',	'บ่าย',	0),
(9123,	42,	1710,	'2017-08-12',	'เช้า',	0),
(9124,	42,	1710,	'2017-08-12',	'บ่าย',	0),
(9125,	42,	1710,	'2017-08-13',	'เช้า',	0),
(9126,	42,	1710,	'2017-08-13',	'บ่าย',	0),
(9127,	42,	1711,	'2017-08-12',	'เช้า',	0),
(9128,	42,	1711,	'2017-08-12',	'บ่าย',	0),
(9129,	42,	1711,	'2017-08-13',	'เช้า',	0),
(9130,	42,	1711,	'2017-08-13',	'บ่าย',	0),
(9131,	42,	1712,	'2017-08-12',	'เช้า',	0),
(9132,	42,	1712,	'2017-08-12',	'บ่าย',	0),
(9133,	42,	1712,	'2017-08-13',	'เช้า',	0),
(9134,	42,	1712,	'2017-08-13',	'บ่าย',	0),
(9135,	42,	1713,	'2017-08-12',	'เช้า',	0),
(9136,	42,	1713,	'2017-08-12',	'บ่าย',	0),
(9137,	42,	1713,	'2017-08-13',	'เช้า',	0),
(9138,	42,	1713,	'2017-08-13',	'บ่าย',	0),
(9139,	42,	1714,	'2017-08-12',	'เช้า',	0),
(9140,	42,	1714,	'2017-08-12',	'บ่าย',	0),
(9141,	42,	1714,	'2017-08-13',	'เช้า',	0),
(9142,	42,	1714,	'2017-08-13',	'บ่าย',	0),
(9143,	42,	1715,	'2017-08-12',	'เช้า',	0),
(9144,	42,	1715,	'2017-08-12',	'บ่าย',	0),
(9145,	42,	1715,	'2017-08-13',	'เช้า',	0),
(9146,	42,	1715,	'2017-08-13',	'บ่าย',	0),
(9147,	42,	1716,	'2017-08-12',	'เช้า',	0),
(9148,	42,	1716,	'2017-08-12',	'บ่าย',	0),
(9149,	42,	1716,	'2017-08-13',	'เช้า',	0),
(9150,	42,	1716,	'2017-08-13',	'บ่าย',	0),
(9151,	42,	1717,	'2017-08-12',	'เช้า',	0),
(9152,	42,	1717,	'2017-08-12',	'บ่าย',	0),
(9153,	42,	1717,	'2017-08-13',	'เช้า',	0),
(9154,	42,	1717,	'2017-08-13',	'บ่าย',	0),
(9155,	42,	1718,	'2017-08-12',	'เช้า',	0),
(9156,	42,	1718,	'2017-08-12',	'บ่าย',	0),
(9157,	42,	1718,	'2017-08-13',	'เช้า',	0),
(9158,	42,	1718,	'2017-08-13',	'บ่าย',	0),
(9159,	42,	1719,	'2017-08-12',	'เช้า',	0),
(9160,	42,	1719,	'2017-08-12',	'บ่าย',	0),
(9161,	42,	1719,	'2017-08-13',	'เช้า',	0),
(9162,	42,	1719,	'2017-08-13',	'บ่าย',	0),
(9163,	42,	1720,	'2017-08-12',	'เช้า',	0),
(9164,	42,	1720,	'2017-08-12',	'บ่าย',	0),
(9165,	42,	1720,	'2017-08-13',	'เช้า',	0),
(9166,	42,	1720,	'2017-08-13',	'บ่าย',	0),
(9167,	42,	1721,	'2017-08-12',	'เช้า',	0),
(9168,	42,	1721,	'2017-08-12',	'บ่าย',	0),
(9169,	42,	1721,	'2017-08-13',	'เช้า',	0),
(9170,	42,	1721,	'2017-08-13',	'บ่าย',	0),
(9171,	42,	1722,	'2017-08-12',	'เช้า',	0),
(9172,	42,	1722,	'2017-08-12',	'บ่าย',	0),
(9173,	42,	1722,	'2017-08-13',	'เช้า',	0),
(9174,	42,	1722,	'2017-08-13',	'บ่าย',	0),
(9175,	42,	1723,	'2017-08-12',	'เช้า',	0),
(9176,	42,	1723,	'2017-08-12',	'บ่าย',	0),
(9177,	42,	1723,	'2017-08-13',	'เช้า',	0),
(9178,	42,	1723,	'2017-08-13',	'บ่าย',	0),
(9179,	42,	1724,	'2017-08-12',	'เช้า',	0),
(9180,	42,	1724,	'2017-08-12',	'บ่าย',	0),
(9181,	42,	1724,	'2017-08-13',	'เช้า',	0),
(9182,	42,	1724,	'2017-08-13',	'บ่าย',	0),
(9183,	42,	1725,	'2017-08-12',	'เช้า',	0),
(9184,	42,	1725,	'2017-08-12',	'บ่าย',	0),
(9185,	42,	1725,	'2017-08-13',	'เช้า',	0),
(9186,	42,	1725,	'2017-08-13',	'บ่าย',	0),
(9187,	42,	1726,	'2017-08-12',	'เช้า',	0),
(9188,	42,	1726,	'2017-08-12',	'บ่าย',	0),
(9189,	42,	1726,	'2017-08-13',	'เช้า',	0),
(9190,	42,	1726,	'2017-08-13',	'บ่าย',	0),
(9191,	42,	1727,	'2017-08-12',	'เช้า',	0),
(9192,	42,	1727,	'2017-08-12',	'บ่าย',	0),
(9193,	42,	1727,	'2017-08-13',	'เช้า',	0),
(9194,	42,	1727,	'2017-08-13',	'บ่าย',	0),
(9195,	42,	1728,	'2017-08-12',	'เช้า',	0),
(9196,	42,	1728,	'2017-08-12',	'บ่าย',	0),
(9197,	42,	1728,	'2017-08-13',	'เช้า',	0),
(9198,	42,	1728,	'2017-08-13',	'บ่าย',	0),
(9199,	42,	1729,	'2017-08-12',	'เช้า',	0),
(9200,	42,	1729,	'2017-08-12',	'บ่าย',	0),
(9201,	42,	1729,	'2017-08-13',	'เช้า',	0),
(9202,	42,	1729,	'2017-08-13',	'บ่าย',	0),
(9203,	42,	1730,	'2017-08-12',	'เช้า',	0),
(9204,	42,	1730,	'2017-08-12',	'บ่าย',	0),
(9205,	42,	1730,	'2017-08-13',	'เช้า',	0),
(9206,	42,	1730,	'2017-08-13',	'บ่าย',	0),
(9207,	42,	1731,	'2017-08-12',	'เช้า',	0),
(9208,	42,	1731,	'2017-08-12',	'บ่าย',	0),
(9209,	42,	1731,	'2017-08-13',	'เช้า',	0),
(9210,	42,	1731,	'2017-08-13',	'บ่าย',	0),
(9211,	42,	1732,	'2017-08-12',	'เช้า',	0),
(9212,	42,	1732,	'2017-08-12',	'บ่าย',	0),
(9213,	42,	1732,	'2017-08-13',	'เช้า',	0),
(9214,	42,	1732,	'2017-08-13',	'บ่าย',	0),
(9215,	42,	1733,	'2017-08-12',	'เช้า',	0),
(9216,	42,	1733,	'2017-08-12',	'บ่าย',	0),
(9217,	42,	1733,	'2017-08-13',	'เช้า',	0),
(9218,	42,	1733,	'2017-08-13',	'บ่าย',	0),
(9219,	42,	1734,	'2017-08-12',	'เช้า',	0),
(9220,	42,	1734,	'2017-08-12',	'บ่าย',	0),
(9221,	42,	1734,	'2017-08-13',	'เช้า',	0),
(9222,	42,	1734,	'2017-08-13',	'บ่าย',	0),
(9223,	42,	1735,	'2017-08-12',	'เช้า',	0),
(9224,	42,	1735,	'2017-08-12',	'บ่าย',	0),
(9225,	42,	1735,	'2017-08-13',	'เช้า',	0),
(9226,	42,	1735,	'2017-08-13',	'บ่าย',	0),
(9227,	42,	1736,	'2017-08-12',	'เช้า',	0),
(9228,	42,	1736,	'2017-08-12',	'บ่าย',	0),
(9229,	42,	1736,	'2017-08-13',	'เช้า',	0),
(9230,	42,	1736,	'2017-08-13',	'บ่าย',	0),
(9231,	42,	1737,	'2017-08-12',	'เช้า',	0),
(9232,	42,	1737,	'2017-08-12',	'บ่าย',	0),
(9233,	42,	1737,	'2017-08-13',	'เช้า',	0),
(9234,	42,	1737,	'2017-08-13',	'บ่าย',	0),
(9235,	42,	1738,	'2017-08-12',	'เช้า',	0),
(9236,	42,	1738,	'2017-08-12',	'บ่าย',	0),
(9237,	42,	1738,	'2017-08-13',	'เช้า',	0),
(9238,	42,	1738,	'2017-08-13',	'บ่าย',	0),
(9239,	42,	1739,	'2017-08-12',	'เช้า',	0),
(9240,	42,	1739,	'2017-08-12',	'บ่าย',	0),
(9241,	42,	1739,	'2017-08-13',	'เช้า',	0),
(9242,	42,	1739,	'2017-08-13',	'บ่าย',	0),
(9243,	42,	1740,	'2017-08-12',	'เช้า',	0),
(9244,	42,	1740,	'2017-08-12',	'บ่าย',	0),
(9245,	42,	1740,	'2017-08-13',	'เช้า',	0),
(9246,	42,	1740,	'2017-08-13',	'บ่าย',	0),
(9247,	42,	1741,	'2017-08-12',	'เช้า',	0),
(9248,	42,	1741,	'2017-08-12',	'บ่าย',	0),
(9249,	42,	1741,	'2017-08-13',	'เช้า',	0),
(9250,	42,	1741,	'2017-08-13',	'บ่าย',	0),
(9251,	42,	1742,	'2017-08-12',	'เช้า',	0),
(9252,	42,	1742,	'2017-08-12',	'บ่าย',	0),
(9253,	42,	1742,	'2017-08-13',	'เช้า',	0),
(9254,	42,	1742,	'2017-08-13',	'บ่าย',	0),
(9255,	42,	1743,	'2017-08-12',	'เช้า',	0),
(9256,	42,	1743,	'2017-08-12',	'บ่าย',	0),
(9257,	42,	1743,	'2017-08-13',	'เช้า',	0),
(9258,	42,	1743,	'2017-08-13',	'บ่าย',	0),
(9259,	42,	1744,	'2017-08-12',	'เช้า',	0),
(9260,	42,	1744,	'2017-08-12',	'บ่าย',	0),
(9261,	42,	1744,	'2017-08-13',	'เช้า',	0),
(9262,	42,	1744,	'2017-08-13',	'บ่าย',	0),
(9263,	42,	1745,	'2017-08-12',	'เช้า',	0),
(9264,	42,	1745,	'2017-08-12',	'บ่าย',	0),
(9265,	42,	1745,	'2017-08-13',	'เช้า',	0),
(9266,	42,	1745,	'2017-08-13',	'บ่าย',	0),
(9267,	42,	1746,	'2017-08-12',	'เช้า',	0),
(9268,	42,	1746,	'2017-08-12',	'บ่าย',	0),
(9269,	42,	1746,	'2017-08-13',	'เช้า',	0),
(9270,	42,	1746,	'2017-08-13',	'บ่าย',	0),
(9271,	42,	1747,	'2017-08-12',	'เช้า',	0),
(9272,	42,	1747,	'2017-08-12',	'บ่าย',	0),
(9273,	42,	1747,	'2017-08-13',	'เช้า',	0),
(9274,	42,	1747,	'2017-08-13',	'บ่าย',	0),
(9275,	42,	1748,	'2017-08-12',	'เช้า',	0),
(9276,	42,	1748,	'2017-08-12',	'บ่าย',	0),
(9277,	42,	1748,	'2017-08-13',	'เช้า',	0),
(9278,	42,	1748,	'2017-08-13',	'บ่าย',	0),
(9279,	42,	1749,	'2017-08-12',	'เช้า',	0),
(9280,	42,	1749,	'2017-08-12',	'บ่าย',	0),
(9281,	42,	1749,	'2017-08-13',	'เช้า',	0),
(9282,	42,	1749,	'2017-08-13',	'บ่าย',	0),
(9283,	42,	1750,	'2017-08-12',	'เช้า',	0),
(9284,	42,	1750,	'2017-08-12',	'บ่าย',	0),
(9285,	42,	1750,	'2017-08-13',	'เช้า',	0),
(9286,	42,	1750,	'2017-08-13',	'บ่าย',	0),
(9287,	42,	1751,	'2017-08-12',	'เช้า',	0),
(9288,	42,	1751,	'2017-08-12',	'บ่าย',	0),
(9289,	42,	1751,	'2017-08-13',	'เช้า',	0),
(9290,	42,	1751,	'2017-08-13',	'บ่าย',	0),
(9291,	42,	1752,	'2017-08-12',	'เช้า',	0),
(9292,	42,	1752,	'2017-08-12',	'บ่าย',	0),
(9293,	42,	1752,	'2017-08-13',	'เช้า',	0),
(9294,	42,	1752,	'2017-08-13',	'บ่าย',	0),
(9295,	42,	1753,	'2017-08-12',	'เช้า',	0),
(9296,	42,	1753,	'2017-08-12',	'บ่าย',	0),
(9297,	42,	1753,	'2017-08-13',	'เช้า',	0),
(9298,	42,	1753,	'2017-08-13',	'บ่าย',	0),
(9299,	42,	1754,	'2017-08-12',	'เช้า',	0),
(9300,	42,	1754,	'2017-08-12',	'บ่าย',	0),
(9301,	42,	1754,	'2017-08-13',	'เช้า',	0),
(9302,	42,	1754,	'2017-08-13',	'บ่าย',	0),
(9303,	43,	1755,	'2017-10-14',	'เช้า',	0),
(9304,	43,	1755,	'2017-10-14',	'บ่าย',	0),
(9305,	43,	1755,	'2017-10-15',	'เช้า',	0),
(9306,	43,	1755,	'2017-10-15',	'บ่าย',	0),
(9307,	43,	1756,	'2017-10-14',	'เช้า',	0),
(9308,	43,	1756,	'2017-10-14',	'บ่าย',	0),
(9309,	43,	1756,	'2017-10-15',	'เช้า',	0),
(9310,	43,	1756,	'2017-10-15',	'บ่าย',	0),
(9311,	43,	1757,	'2017-10-14',	'เช้า',	0),
(9312,	43,	1757,	'2017-10-14',	'บ่าย',	0),
(9313,	43,	1757,	'2017-10-15',	'เช้า',	0),
(9314,	43,	1757,	'2017-10-15',	'บ่าย',	0),
(9315,	43,	1758,	'2017-10-14',	'เช้า',	0),
(9316,	43,	1758,	'2017-10-14',	'บ่าย',	0),
(9317,	43,	1758,	'2017-10-15',	'เช้า',	0),
(9318,	43,	1758,	'2017-10-15',	'บ่าย',	0),
(9319,	43,	1759,	'2017-10-14',	'เช้า',	0),
(9320,	43,	1759,	'2017-10-14',	'บ่าย',	0),
(9321,	43,	1759,	'2017-10-15',	'เช้า',	0),
(9322,	43,	1759,	'2017-10-15',	'บ่าย',	0),
(9323,	43,	1760,	'2017-10-14',	'เช้า',	0),
(9324,	43,	1760,	'2017-10-14',	'บ่าย',	0),
(9325,	43,	1760,	'2017-10-15',	'เช้า',	0),
(9326,	43,	1760,	'2017-10-15',	'บ่าย',	0),
(9327,	43,	1761,	'2017-10-14',	'เช้า',	0),
(9328,	43,	1761,	'2017-10-14',	'บ่าย',	0),
(9329,	43,	1761,	'2017-10-15',	'เช้า',	0),
(9330,	43,	1761,	'2017-10-15',	'บ่าย',	0),
(9331,	43,	1762,	'2017-10-14',	'เช้า',	0),
(9332,	43,	1762,	'2017-10-14',	'บ่าย',	0),
(9333,	43,	1762,	'2017-10-15',	'เช้า',	0),
(9334,	43,	1762,	'2017-10-15',	'บ่าย',	0),
(9335,	43,	1763,	'2017-10-14',	'เช้า',	0),
(9336,	43,	1763,	'2017-10-14',	'บ่าย',	0),
(9337,	43,	1763,	'2017-10-15',	'เช้า',	0),
(9338,	43,	1763,	'2017-10-15',	'บ่าย',	0),
(9339,	43,	1764,	'2017-10-14',	'เช้า',	0),
(9340,	43,	1764,	'2017-10-14',	'บ่าย',	0),
(9341,	43,	1764,	'2017-10-15',	'เช้า',	0),
(9342,	43,	1764,	'2017-10-15',	'บ่าย',	0),
(9343,	43,	1765,	'2017-10-14',	'เช้า',	0),
(9344,	43,	1765,	'2017-10-14',	'บ่าย',	0),
(9345,	43,	1765,	'2017-10-15',	'เช้า',	0),
(9346,	43,	1765,	'2017-10-15',	'บ่าย',	0),
(9347,	43,	1766,	'2017-10-14',	'เช้า',	0),
(9348,	43,	1766,	'2017-10-14',	'บ่าย',	0),
(9349,	43,	1766,	'2017-10-15',	'เช้า',	0),
(9350,	43,	1766,	'2017-10-15',	'บ่าย',	0),
(9351,	43,	1767,	'2017-10-14',	'เช้า',	0),
(9352,	43,	1767,	'2017-10-14',	'บ่าย',	0),
(9353,	43,	1767,	'2017-10-15',	'เช้า',	0),
(9354,	43,	1767,	'2017-10-15',	'บ่าย',	0),
(9355,	43,	1768,	'2017-10-14',	'เช้า',	0),
(9356,	43,	1768,	'2017-10-14',	'บ่าย',	0),
(9357,	43,	1768,	'2017-10-15',	'เช้า',	0),
(9358,	43,	1768,	'2017-10-15',	'บ่าย',	0),
(9359,	43,	1769,	'2017-10-14',	'เช้า',	0),
(9360,	43,	1769,	'2017-10-14',	'บ่าย',	0),
(9361,	43,	1769,	'2017-10-15',	'เช้า',	0),
(9362,	43,	1769,	'2017-10-15',	'บ่าย',	0),
(9363,	43,	1770,	'2017-10-14',	'เช้า',	0),
(9364,	43,	1770,	'2017-10-14',	'บ่าย',	0),
(9365,	43,	1770,	'2017-10-15',	'เช้า',	0),
(9366,	43,	1770,	'2017-10-15',	'บ่าย',	0),
(9367,	43,	1771,	'2017-10-14',	'เช้า',	0),
(9368,	43,	1771,	'2017-10-14',	'บ่าย',	0),
(9369,	43,	1771,	'2017-10-15',	'เช้า',	0),
(9370,	43,	1771,	'2017-10-15',	'บ่าย',	0),
(9371,	43,	1772,	'2017-10-14',	'เช้า',	0),
(9372,	43,	1772,	'2017-10-14',	'บ่าย',	0),
(9373,	43,	1772,	'2017-10-15',	'เช้า',	0),
(9374,	43,	1772,	'2017-10-15',	'บ่าย',	0),
(9375,	43,	1773,	'2017-10-14',	'เช้า',	0),
(9376,	43,	1773,	'2017-10-14',	'บ่าย',	0),
(9377,	43,	1773,	'2017-10-15',	'เช้า',	0),
(9378,	43,	1773,	'2017-10-15',	'บ่าย',	0),
(9379,	43,	1774,	'2017-10-14',	'เช้า',	0),
(9380,	43,	1774,	'2017-10-14',	'บ่าย',	0),
(9381,	43,	1774,	'2017-10-15',	'เช้า',	0),
(9382,	43,	1774,	'2017-10-15',	'บ่าย',	0),
(9383,	43,	1775,	'2017-10-14',	'เช้า',	0),
(9384,	43,	1775,	'2017-10-14',	'บ่าย',	0),
(9385,	43,	1775,	'2017-10-15',	'เช้า',	0),
(9386,	43,	1775,	'2017-10-15',	'บ่าย',	0),
(9387,	43,	1776,	'2017-10-14',	'เช้า',	0),
(9388,	43,	1776,	'2017-10-14',	'บ่าย',	0),
(9389,	43,	1776,	'2017-10-15',	'เช้า',	0),
(9390,	43,	1776,	'2017-10-15',	'บ่าย',	0),
(9391,	43,	1777,	'2017-10-14',	'เช้า',	0),
(9392,	43,	1777,	'2017-10-14',	'บ่าย',	0),
(9393,	43,	1777,	'2017-10-15',	'เช้า',	0),
(9394,	43,	1777,	'2017-10-15',	'บ่าย',	0),
(9395,	43,	1778,	'2017-10-14',	'เช้า',	0),
(9396,	43,	1778,	'2017-10-14',	'บ่าย',	0),
(9397,	43,	1778,	'2017-10-15',	'เช้า',	0),
(9398,	43,	1778,	'2017-10-15',	'บ่าย',	0),
(9399,	43,	1779,	'2017-10-14',	'เช้า',	0),
(9400,	43,	1779,	'2017-10-14',	'บ่าย',	0),
(9401,	43,	1779,	'2017-10-15',	'เช้า',	0),
(9402,	43,	1779,	'2017-10-15',	'บ่าย',	0),
(9403,	43,	1780,	'2017-10-14',	'เช้า',	0),
(9404,	43,	1780,	'2017-10-14',	'บ่าย',	0),
(9405,	43,	1780,	'2017-10-15',	'เช้า',	0),
(9406,	43,	1780,	'2017-10-15',	'บ่าย',	0),
(9407,	43,	1781,	'2017-10-14',	'เช้า',	0),
(9408,	43,	1781,	'2017-10-14',	'บ่าย',	0),
(9409,	43,	1781,	'2017-10-15',	'เช้า',	0),
(9410,	43,	1781,	'2017-10-15',	'บ่าย',	0),
(9411,	43,	1782,	'2017-10-14',	'เช้า',	0),
(9412,	43,	1782,	'2017-10-14',	'บ่าย',	0),
(9413,	43,	1782,	'2017-10-15',	'เช้า',	0),
(9414,	43,	1782,	'2017-10-15',	'บ่าย',	0),
(9415,	43,	1783,	'2017-10-14',	'เช้า',	0),
(9416,	43,	1783,	'2017-10-14',	'บ่าย',	0),
(9417,	43,	1783,	'2017-10-15',	'เช้า',	0),
(9418,	43,	1783,	'2017-10-15',	'บ่าย',	0),
(9419,	43,	1784,	'2017-10-14',	'เช้า',	0),
(9420,	43,	1784,	'2017-10-14',	'บ่าย',	0),
(9421,	43,	1784,	'2017-10-15',	'เช้า',	0),
(9422,	43,	1784,	'2017-10-15',	'บ่าย',	0),
(9423,	43,	1785,	'2017-10-14',	'เช้า',	0),
(9424,	43,	1785,	'2017-10-14',	'บ่าย',	0),
(9425,	43,	1785,	'2017-10-15',	'เช้า',	0),
(9426,	43,	1785,	'2017-10-15',	'บ่าย',	0),
(9427,	43,	1786,	'2017-10-14',	'เช้า',	0),
(9428,	43,	1786,	'2017-10-14',	'บ่าย',	0),
(9429,	43,	1786,	'2017-10-15',	'เช้า',	0),
(9430,	43,	1786,	'2017-10-15',	'บ่าย',	0),
(9431,	43,	1787,	'2017-10-14',	'เช้า',	0),
(9432,	43,	1787,	'2017-10-14',	'บ่าย',	0),
(9433,	43,	1787,	'2017-10-15',	'เช้า',	0),
(9434,	43,	1787,	'2017-10-15',	'บ่าย',	0),
(9435,	43,	1788,	'2017-10-14',	'เช้า',	0),
(9436,	43,	1788,	'2017-10-14',	'บ่าย',	0),
(9437,	43,	1788,	'2017-10-15',	'เช้า',	0),
(9438,	43,	1788,	'2017-10-15',	'บ่าย',	0),
(9439,	43,	1789,	'2017-10-14',	'เช้า',	0),
(9440,	43,	1789,	'2017-10-14',	'บ่าย',	0),
(9441,	43,	1789,	'2017-10-15',	'เช้า',	0),
(9442,	43,	1789,	'2017-10-15',	'บ่าย',	0),
(9443,	43,	1790,	'2017-10-14',	'เช้า',	0),
(9444,	43,	1790,	'2017-10-14',	'บ่าย',	0),
(9445,	43,	1790,	'2017-10-15',	'เช้า',	0),
(9446,	43,	1790,	'2017-10-15',	'บ่าย',	0),
(9447,	43,	1791,	'2017-10-14',	'เช้า',	0),
(9448,	43,	1791,	'2017-10-14',	'บ่าย',	0),
(9449,	43,	1791,	'2017-10-15',	'เช้า',	0),
(9450,	43,	1791,	'2017-10-15',	'บ่าย',	0),
(9451,	43,	1792,	'2017-10-14',	'เช้า',	0),
(9452,	43,	1792,	'2017-10-14',	'บ่าย',	0),
(9453,	43,	1792,	'2017-10-15',	'เช้า',	0),
(9454,	43,	1792,	'2017-10-15',	'บ่าย',	0),
(9455,	43,	1793,	'2017-10-14',	'เช้า',	0),
(9456,	43,	1793,	'2017-10-14',	'บ่าย',	0),
(9457,	43,	1793,	'2017-10-15',	'เช้า',	0),
(9458,	43,	1793,	'2017-10-15',	'บ่าย',	0),
(9459,	43,	1794,	'2017-10-14',	'เช้า',	0),
(9460,	43,	1794,	'2017-10-14',	'บ่าย',	0),
(9461,	43,	1794,	'2017-10-15',	'เช้า',	0),
(9462,	43,	1794,	'2017-10-15',	'บ่าย',	0),
(9463,	43,	1795,	'2017-10-14',	'เช้า',	0),
(9464,	43,	1795,	'2017-10-14',	'บ่าย',	0),
(9465,	43,	1795,	'2017-10-15',	'เช้า',	0),
(9466,	43,	1795,	'2017-10-15',	'บ่าย',	0),
(9467,	43,	1796,	'2017-10-14',	'เช้า',	0),
(9468,	43,	1796,	'2017-10-14',	'บ่าย',	0),
(9469,	43,	1796,	'2017-10-15',	'เช้า',	0),
(9470,	43,	1796,	'2017-10-15',	'บ่าย',	0),
(9471,	43,	1797,	'2017-10-14',	'เช้า',	0),
(9472,	43,	1797,	'2017-10-14',	'บ่าย',	0),
(9473,	43,	1797,	'2017-10-15',	'เช้า',	0),
(9474,	43,	1797,	'2017-10-15',	'บ่าย',	0),
(9475,	43,	1798,	'2017-10-14',	'เช้า',	0),
(9476,	43,	1798,	'2017-10-14',	'บ่าย',	0),
(9477,	43,	1798,	'2017-10-15',	'เช้า',	0),
(9478,	43,	1798,	'2017-10-15',	'บ่าย',	0),
(9479,	43,	1799,	'2017-10-14',	'เช้า',	0),
(9480,	43,	1799,	'2017-10-14',	'บ่าย',	0),
(9481,	43,	1799,	'2017-10-15',	'เช้า',	0),
(9482,	43,	1799,	'2017-10-15',	'บ่าย',	0),
(9483,	43,	1800,	'2017-10-14',	'เช้า',	0),
(9484,	43,	1800,	'2017-10-14',	'บ่าย',	0),
(9485,	43,	1800,	'2017-10-15',	'เช้า',	0),
(9486,	43,	1800,	'2017-10-15',	'บ่าย',	0),
(9487,	43,	1801,	'2017-10-14',	'เช้า',	0),
(9488,	43,	1801,	'2017-10-14',	'บ่าย',	0),
(9489,	43,	1801,	'2017-10-15',	'เช้า',	0),
(9490,	43,	1801,	'2017-10-15',	'บ่าย',	0),
(9491,	43,	1802,	'2017-10-14',	'เช้า',	0),
(9492,	43,	1802,	'2017-10-14',	'บ่าย',	0),
(9493,	43,	1802,	'2017-10-15',	'เช้า',	0),
(9494,	43,	1802,	'2017-10-15',	'บ่าย',	0),
(9495,	43,	1803,	'2017-10-14',	'เช้า',	0),
(9496,	43,	1803,	'2017-10-14',	'บ่าย',	0),
(9497,	43,	1803,	'2017-10-15',	'เช้า',	0),
(9498,	43,	1803,	'2017-10-15',	'บ่าย',	0),
(9499,	43,	1804,	'2017-10-14',	'เช้า',	0),
(9500,	43,	1804,	'2017-10-14',	'บ่าย',	0),
(9501,	43,	1804,	'2017-10-15',	'เช้า',	0),
(9502,	43,	1804,	'2017-10-15',	'บ่าย',	0),
(9503,	43,	1805,	'2017-10-14',	'เช้า',	0),
(9504,	43,	1805,	'2017-10-14',	'บ่าย',	0),
(9505,	43,	1805,	'2017-10-15',	'เช้า',	0),
(9506,	43,	1805,	'2017-10-15',	'บ่าย',	0),
(9507,	43,	1806,	'2017-10-14',	'เช้า',	0),
(9508,	43,	1806,	'2017-10-14',	'บ่าย',	0),
(9509,	43,	1806,	'2017-10-15',	'เช้า',	0),
(9510,	43,	1806,	'2017-10-15',	'บ่าย',	0),
(9511,	43,	1807,	'2017-10-14',	'เช้า',	0),
(9512,	43,	1807,	'2017-10-14',	'บ่าย',	0),
(9513,	43,	1807,	'2017-10-15',	'เช้า',	0),
(9514,	43,	1807,	'2017-10-15',	'บ่าย',	0),
(9515,	43,	1808,	'2017-10-14',	'เช้า',	0),
(9516,	43,	1808,	'2017-10-14',	'บ่าย',	0),
(9517,	43,	1808,	'2017-10-15',	'เช้า',	0),
(9518,	43,	1808,	'2017-10-15',	'บ่าย',	0),
(9631,	45,	1865,	'2019-04-13',	'เช้า',	1),
(9632,	45,	1865,	'2019-04-13',	'บ่าย',	1),
(9633,	45,	1865,	'2019-04-14',	'เช้า',	0),
(9634,	45,	1865,	'2019-04-14',	'บ่าย',	0),
(9635,	45,	1866,	'2019-04-13',	'เช้า',	1),
(9636,	45,	1866,	'2019-04-13',	'บ่าย',	1),
(9637,	45,	1866,	'2019-04-14',	'เช้า',	0),
(9638,	45,	1866,	'2019-04-14',	'บ่าย',	0),
(9639,	45,	1867,	'2019-04-13',	'เช้า',	1),
(9640,	45,	1867,	'2019-04-13',	'บ่าย',	1),
(9641,	45,	1867,	'2019-04-14',	'เช้า',	0),
(9642,	45,	1867,	'2019-04-14',	'บ่าย',	0),
(9643,	45,	1868,	'2019-04-13',	'เช้า',	1),
(9644,	45,	1868,	'2019-04-13',	'บ่าย',	1),
(9645,	45,	1868,	'2019-04-14',	'เช้า',	0),
(9646,	45,	1868,	'2019-04-14',	'บ่าย',	0),
(9647,	45,	1869,	'2019-04-13',	'เช้า',	1),
(9648,	45,	1869,	'2019-04-13',	'บ่าย',	1),
(9649,	45,	1869,	'2019-04-14',	'เช้า',	0),
(9650,	45,	1869,	'2019-04-14',	'บ่าย',	0),
(9651,	45,	1870,	'2019-04-13',	'เช้า',	1),
(9652,	45,	1870,	'2019-04-13',	'บ่าย',	1),
(9653,	45,	1870,	'2019-04-14',	'เช้า',	0),
(9654,	45,	1870,	'2019-04-14',	'บ่าย',	0),
(9655,	45,	1871,	'2019-04-13',	'เช้า',	1),
(9656,	45,	1871,	'2019-04-13',	'บ่าย',	1),
(9657,	45,	1871,	'2019-04-14',	'เช้า',	0),
(9658,	45,	1871,	'2019-04-14',	'บ่าย',	0),
(9659,	45,	1872,	'2019-04-13',	'เช้า',	1),
(9660,	45,	1872,	'2019-04-13',	'บ่าย',	1),
(9661,	45,	1872,	'2019-04-14',	'เช้า',	0),
(9662,	45,	1872,	'2019-04-14',	'บ่าย',	0),
(9663,	45,	1873,	'2019-04-13',	'เช้า',	1),
(9664,	45,	1873,	'2019-04-13',	'บ่าย',	1),
(9665,	45,	1873,	'2019-04-14',	'เช้า',	0),
(9666,	45,	1873,	'2019-04-14',	'บ่าย',	0),
(9667,	45,	1874,	'2019-04-13',	'เช้า',	1),
(9668,	45,	1874,	'2019-04-13',	'บ่าย',	1),
(9669,	45,	1874,	'2019-04-14',	'เช้า',	0),
(9670,	45,	1874,	'2019-04-14',	'บ่าย',	0),
(9671,	45,	1875,	'2019-04-13',	'เช้า',	1),
(9672,	45,	1875,	'2019-04-13',	'บ่าย',	1),
(9673,	45,	1875,	'2019-04-14',	'เช้า',	0),
(9674,	45,	1875,	'2019-04-14',	'บ่าย',	0),
(9675,	45,	1876,	'2019-04-13',	'เช้า',	0),
(9676,	45,	1876,	'2019-04-13',	'บ่าย',	0),
(9677,	45,	1876,	'2019-04-14',	'เช้า',	0),
(9678,	45,	1876,	'2019-04-14',	'บ่าย',	0),
(9679,	45,	1877,	'2019-04-13',	'เช้า',	0),
(9680,	45,	1877,	'2019-04-13',	'บ่าย',	0),
(9681,	45,	1877,	'2019-04-14',	'เช้า',	0),
(9682,	45,	1877,	'2019-04-14',	'บ่าย',	0),
(9683,	45,	1878,	'2019-04-13',	'เช้า',	0),
(9684,	45,	1878,	'2019-04-13',	'บ่าย',	0),
(9685,	45,	1878,	'2019-04-14',	'เช้า',	0),
(9686,	45,	1878,	'2019-04-14',	'บ่าย',	0),
(9687,	45,	1879,	'2019-04-13',	'เช้า',	0),
(9688,	45,	1879,	'2019-04-13',	'บ่าย',	0),
(9689,	45,	1879,	'2019-04-14',	'เช้า',	0),
(9690,	45,	1879,	'2019-04-14',	'บ่าย',	0),
(9691,	45,	1880,	'2019-04-13',	'เช้า',	0),
(9692,	45,	1880,	'2019-04-13',	'บ่าย',	0),
(9693,	45,	1880,	'2019-04-14',	'เช้า',	0),
(9694,	45,	1880,	'2019-04-14',	'บ่าย',	0),
(9695,	45,	1881,	'2019-04-13',	'เช้า',	1),
(9696,	45,	1881,	'2019-04-13',	'บ่าย',	1),
(9697,	45,	1881,	'2019-04-14',	'เช้า',	0),
(9698,	45,	1881,	'2019-04-14',	'บ่าย',	0),
(9699,	45,	1882,	'2019-04-13',	'เช้า',	1),
(9700,	45,	1882,	'2019-04-13',	'บ่าย',	1),
(9701,	45,	1882,	'2019-04-14',	'เช้า',	0),
(9702,	45,	1882,	'2019-04-14',	'บ่าย',	0),
(9703,	45,	1883,	'2019-04-13',	'เช้า',	1),
(9704,	45,	1883,	'2019-04-13',	'บ่าย',	1),
(9705,	45,	1883,	'2019-04-14',	'เช้า',	0),
(9706,	45,	1883,	'2019-04-14',	'บ่าย',	0),
(9707,	45,	1884,	'2019-04-13',	'เช้า',	1),
(9708,	45,	1884,	'2019-04-13',	'บ่าย',	1),
(9709,	45,	1884,	'2019-04-14',	'เช้า',	0),
(9710,	45,	1884,	'2019-04-14',	'บ่าย',	0),
(9711,	45,	1885,	'2019-04-13',	'เช้า',	1),
(9712,	45,	1885,	'2019-04-13',	'บ่าย',	1),
(9713,	45,	1885,	'2019-04-14',	'เช้า',	0),
(9714,	45,	1885,	'2019-04-14',	'บ่าย',	0),
(9715,	45,	1886,	'2019-04-13',	'เช้า',	1),
(9716,	45,	1886,	'2019-04-13',	'บ่าย',	1),
(9717,	45,	1886,	'2019-04-14',	'เช้า',	0),
(9718,	45,	1886,	'2019-04-14',	'บ่าย',	0),
(9719,	45,	1887,	'2019-04-13',	'เช้า',	1),
(9720,	45,	1887,	'2019-04-13',	'บ่าย',	1),
(9721,	45,	1887,	'2019-04-14',	'เช้า',	0),
(9722,	45,	1887,	'2019-04-14',	'บ่าย',	0),
(9723,	45,	1888,	'2019-04-13',	'เช้า',	1),
(9724,	45,	1888,	'2019-04-13',	'บ่าย',	1),
(9725,	45,	1888,	'2019-04-14',	'เช้า',	0),
(9726,	45,	1888,	'2019-04-14',	'บ่าย',	0),
(9727,	45,	1889,	'2019-04-13',	'เช้า',	1),
(9728,	45,	1889,	'2019-04-13',	'บ่าย',	1),
(9729,	45,	1889,	'2019-04-14',	'เช้า',	0),
(9730,	45,	1889,	'2019-04-14',	'บ่าย',	0),
(9731,	45,	1890,	'2019-04-13',	'เช้า',	1),
(9732,	45,	1890,	'2019-04-13',	'บ่าย',	1),
(9733,	45,	1890,	'2019-04-14',	'เช้า',	0),
(9734,	45,	1890,	'2019-04-14',	'บ่าย',	0),
(9735,	45,	1891,	'2019-04-13',	'เช้า',	1),
(9736,	45,	1891,	'2019-04-13',	'บ่าย',	1),
(9737,	45,	1891,	'2019-04-14',	'เช้า',	0),
(9738,	45,	1891,	'2019-04-14',	'บ่าย',	0),
(9739,	45,	1892,	'2019-04-13',	'เช้า',	1),
(9740,	45,	1892,	'2019-04-13',	'บ่าย',	1),
(9741,	45,	1892,	'2019-04-14',	'เช้า',	0),
(9742,	45,	1892,	'2019-04-14',	'บ่าย',	0),
(9743,	45,	1893,	'2019-04-13',	'เช้า',	1),
(9744,	45,	1893,	'2019-04-13',	'บ่าย',	1),
(9745,	45,	1893,	'2019-04-14',	'เช้า',	0),
(9746,	45,	1893,	'2019-04-14',	'บ่าย',	0),
(9747,	45,	1894,	'2019-04-13',	'เช้า',	1),
(9748,	45,	1894,	'2019-04-13',	'บ่าย',	1),
(9749,	45,	1894,	'2019-04-14',	'เช้า',	0),
(9750,	45,	1894,	'2019-04-14',	'บ่าย',	0),
(9751,	45,	1895,	'2019-04-13',	'เช้า',	0),
(9752,	45,	1895,	'2019-04-13',	'บ่าย',	1),
(9753,	45,	1895,	'2019-04-14',	'เช้า',	0),
(9754,	45,	1895,	'2019-04-14',	'บ่าย',	0),
(9755,	45,	1896,	'2019-04-13',	'เช้า',	0),
(9756,	45,	1896,	'2019-04-13',	'บ่าย',	1),
(9757,	45,	1896,	'2019-04-14',	'เช้า',	0),
(9758,	45,	1896,	'2019-04-14',	'บ่าย',	0),
(9759,	45,	1897,	'2019-04-13',	'เช้า',	0),
(9760,	45,	1897,	'2019-04-13',	'บ่าย',	1),
(9761,	45,	1897,	'2019-04-14',	'เช้า',	0),
(9762,	45,	1897,	'2019-04-14',	'บ่าย',	0),
(9763,	45,	1898,	'2019-04-13',	'เช้า',	0),
(9764,	45,	1898,	'2019-04-13',	'บ่าย',	1),
(9765,	45,	1898,	'2019-04-14',	'เช้า',	0),
(9766,	45,	1898,	'2019-04-14',	'บ่าย',	0),
(9767,	45,	1899,	'2019-04-13',	'เช้า',	0),
(9768,	45,	1899,	'2019-04-13',	'บ่าย',	1),
(9769,	45,	1899,	'2019-04-14',	'เช้า',	0),
(9770,	45,	1899,	'2019-04-14',	'บ่าย',	0),
(9771,	45,	1900,	'2019-04-13',	'เช้า',	1),
(9772,	45,	1900,	'2019-04-13',	'บ่าย',	1),
(9773,	45,	1900,	'2019-04-14',	'เช้า',	0),
(9774,	45,	1900,	'2019-04-14',	'บ่าย',	0),
(9775,	45,	1901,	'2019-04-13',	'เช้า',	1),
(9776,	45,	1901,	'2019-04-13',	'บ่าย',	1),
(9777,	45,	1901,	'2019-04-14',	'เช้า',	0),
(9778,	45,	1901,	'2019-04-14',	'บ่าย',	0),
(9779,	45,	1902,	'2019-04-13',	'เช้า',	1),
(9780,	45,	1902,	'2019-04-13',	'บ่าย',	1),
(9781,	45,	1902,	'2019-04-14',	'เช้า',	0),
(9782,	45,	1902,	'2019-04-14',	'บ่าย',	0),
(9783,	45,	1903,	'2019-04-13',	'เช้า',	1),
(9784,	45,	1903,	'2019-04-13',	'บ่าย',	1),
(9785,	45,	1903,	'2019-04-14',	'เช้า',	0),
(9786,	45,	1903,	'2019-04-14',	'บ่าย',	0),
(9787,	45,	1904,	'2019-04-13',	'เช้า',	1),
(9788,	45,	1904,	'2019-04-13',	'บ่าย',	1),
(9789,	45,	1904,	'2019-04-14',	'เช้า',	0),
(9790,	45,	1904,	'2019-04-14',	'บ่าย',	0),
(9791,	45,	1905,	'2019-04-13',	'เช้า',	1),
(9792,	45,	1905,	'2019-04-13',	'บ่าย',	1),
(9793,	45,	1905,	'2019-04-14',	'เช้า',	0),
(9794,	45,	1905,	'2019-04-14',	'บ่าย',	0),
(9795,	45,	1906,	'2019-04-13',	'เช้า',	1),
(9796,	45,	1906,	'2019-04-13',	'บ่าย',	1),
(9797,	45,	1906,	'2019-04-14',	'เช้า',	0),
(9798,	45,	1906,	'2019-04-14',	'บ่าย',	0),
(9799,	45,	1907,	'2019-04-13',	'เช้า',	1),
(9800,	45,	1907,	'2019-04-13',	'บ่าย',	1),
(9801,	45,	1907,	'2019-04-14',	'เช้า',	0),
(9802,	45,	1907,	'2019-04-14',	'บ่าย',	0),
(9803,	45,	1908,	'2019-04-13',	'เช้า',	1),
(9804,	45,	1908,	'2019-04-13',	'บ่าย',	1),
(9805,	45,	1908,	'2019-04-14',	'เช้า',	0),
(9806,	45,	1908,	'2019-04-14',	'บ่าย',	0),
(9807,	45,	1909,	'2019-04-13',	'เช้า',	1),
(9808,	45,	1909,	'2019-04-13',	'บ่าย',	1),
(9809,	45,	1909,	'2019-04-14',	'เช้า',	0),
(9810,	45,	1909,	'2019-04-14',	'บ่าย',	0),
(9811,	45,	1910,	'2019-04-13',	'เช้า',	1),
(9812,	45,	1910,	'2019-04-13',	'บ่าย',	1),
(9813,	45,	1910,	'2019-04-14',	'เช้า',	0),
(9814,	45,	1910,	'2019-04-14',	'บ่าย',	0),
(9815,	45,	1911,	'2019-04-13',	'เช้า',	1),
(9816,	45,	1911,	'2019-04-13',	'บ่าย',	1),
(9817,	45,	1911,	'2019-04-14',	'เช้า',	0),
(9818,	45,	1911,	'2019-04-14',	'บ่าย',	0),
(9819,	45,	1912,	'2019-04-13',	'เช้า',	1),
(9820,	45,	1912,	'2019-04-13',	'บ่าย',	1),
(9821,	45,	1912,	'2019-04-14',	'เช้า',	0),
(9822,	45,	1912,	'2019-04-14',	'บ่าย',	0),
(9823,	45,	1913,	'2019-04-13',	'เช้า',	1),
(9824,	45,	1913,	'2019-04-13',	'บ่าย',	1),
(9825,	45,	1913,	'2019-04-14',	'เช้า',	0),
(9826,	45,	1913,	'2019-04-14',	'บ่าย',	0),
(9827,	45,	1914,	'2019-04-13',	'เช้า',	1),
(9828,	45,	1914,	'2019-04-13',	'บ่าย',	1),
(9829,	45,	1914,	'2019-04-14',	'เช้า',	0),
(9830,	45,	1914,	'2019-04-14',	'บ่าย',	0),
(9831,	45,	1915,	'2019-04-13',	'เช้า',	1),
(9832,	45,	1915,	'2019-04-13',	'บ่าย',	1),
(9833,	45,	1915,	'2019-04-14',	'เช้า',	0),
(9834,	45,	1915,	'2019-04-14',	'บ่าย',	0),
(9835,	45,	1916,	'2019-04-13',	'เช้า',	1),
(9836,	45,	1916,	'2019-04-13',	'บ่าย',	1),
(9837,	45,	1916,	'2019-04-14',	'เช้า',	0),
(9838,	45,	1916,	'2019-04-14',	'บ่าย',	0),
(9839,	45,	1917,	'2019-04-13',	'เช้า',	1),
(9840,	45,	1917,	'2019-04-13',	'บ่าย',	1),
(9841,	45,	1917,	'2019-04-14',	'เช้า',	0),
(9842,	45,	1917,	'2019-04-14',	'บ่าย',	0),
(9843,	45,	1918,	'2019-04-13',	'เช้า',	1),
(9844,	45,	1918,	'2019-04-13',	'บ่าย',	1),
(9845,	45,	1918,	'2019-04-14',	'เช้า',	0),
(9846,	45,	1918,	'2019-04-14',	'บ่าย',	0),
(9847,	45,	1919,	'2019-04-13',	'เช้า',	1),
(9848,	45,	1919,	'2019-04-13',	'บ่าย',	1),
(9849,	45,	1919,	'2019-04-14',	'เช้า',	0),
(9850,	45,	1919,	'2019-04-14',	'บ่าย',	0),
(9851,	45,	1920,	'2019-04-13',	'เช้า',	1),
(9852,	45,	1920,	'2019-04-13',	'บ่าย',	1),
(9853,	45,	1920,	'2019-04-14',	'เช้า',	0),
(9854,	45,	1920,	'2019-04-14',	'บ่าย',	0),
(10904,	46,	1959,	'2019-05-24',	'บ่าย',	0),
(10905,	46,	1921,	'2019-05-24',	'เช้า',	0),
(10906,	46,	1959,	'2019-05-25',	'เช้า',	0),
(10907,	46,	1921,	'2019-05-24',	'บ่าย',	0),
(10908,	46,	1959,	'2019-05-25',	'บ่าย',	0),
(10909,	46,	1921,	'2019-05-25',	'เช้า',	0),
(10910,	46,	1960,	'2019-05-24',	'เช้า',	0),
(10911,	46,	1921,	'2019-05-25',	'บ่าย',	0),
(10912,	46,	1960,	'2019-05-24',	'บ่าย',	0),
(10913,	46,	1922,	'2019-05-24',	'เช้า',	0),
(10914,	46,	1960,	'2019-05-25',	'เช้า',	0),
(10915,	46,	1922,	'2019-05-24',	'บ่าย',	0),
(10916,	46,	1960,	'2019-05-25',	'บ่าย',	0),
(10917,	46,	1922,	'2019-05-25',	'เช้า',	0),
(10918,	46,	1961,	'2019-05-24',	'เช้า',	0),
(10919,	46,	1922,	'2019-05-25',	'บ่าย',	0),
(10920,	46,	1961,	'2019-05-24',	'บ่าย',	0),
(10921,	46,	1923,	'2019-05-24',	'เช้า',	0),
(10922,	46,	1961,	'2019-05-25',	'เช้า',	0),
(10923,	46,	1923,	'2019-05-24',	'บ่าย',	0),
(10924,	46,	1961,	'2019-05-25',	'บ่าย',	0),
(10925,	46,	1923,	'2019-05-25',	'เช้า',	0),
(10926,	46,	1962,	'2019-05-24',	'เช้า',	0),
(10927,	46,	1923,	'2019-05-25',	'บ่าย',	0),
(10928,	46,	1962,	'2019-05-24',	'บ่าย',	0),
(10929,	46,	1924,	'2019-05-24',	'เช้า',	0),
(10930,	46,	1962,	'2019-05-25',	'เช้า',	0),
(10931,	46,	1924,	'2019-05-24',	'บ่าย',	0),
(10932,	46,	1962,	'2019-05-25',	'บ่าย',	0),
(10933,	46,	1924,	'2019-05-25',	'เช้า',	0),
(10934,	46,	1963,	'2019-05-24',	'เช้า',	0),
(10935,	46,	1924,	'2019-05-25',	'บ่าย',	0),
(10936,	46,	1963,	'2019-05-24',	'บ่าย',	0),
(10937,	46,	1925,	'2019-05-24',	'เช้า',	0),
(10938,	46,	1963,	'2019-05-25',	'เช้า',	0),
(10939,	46,	1925,	'2019-05-24',	'บ่าย',	0),
(10940,	46,	1963,	'2019-05-25',	'บ่าย',	0),
(10941,	46,	1925,	'2019-05-25',	'เช้า',	0),
(10942,	46,	1964,	'2019-05-24',	'เช้า',	0),
(10943,	46,	1925,	'2019-05-25',	'บ่าย',	0),
(10944,	46,	1964,	'2019-05-24',	'บ่าย',	0),
(10945,	46,	1926,	'2019-05-24',	'เช้า',	0),
(10946,	46,	1964,	'2019-05-25',	'เช้า',	0),
(10947,	46,	1926,	'2019-05-24',	'บ่าย',	0),
(10948,	46,	1964,	'2019-05-25',	'บ่าย',	0),
(10949,	46,	1926,	'2019-05-25',	'เช้า',	0),
(10950,	46,	1965,	'2019-05-24',	'เช้า',	0),
(10951,	46,	1926,	'2019-05-25',	'บ่าย',	0),
(10952,	46,	1965,	'2019-05-24',	'บ่าย',	0),
(10953,	46,	1927,	'2019-05-24',	'เช้า',	0),
(10954,	46,	1965,	'2019-05-25',	'เช้า',	0),
(10955,	46,	1927,	'2019-05-24',	'บ่าย',	0),
(10956,	46,	1965,	'2019-05-25',	'บ่าย',	0),
(10957,	46,	1927,	'2019-05-25',	'เช้า',	0),
(10958,	46,	1966,	'2019-05-24',	'เช้า',	0),
(10959,	46,	1927,	'2019-05-25',	'บ่าย',	0),
(10960,	46,	1966,	'2019-05-24',	'บ่าย',	0),
(10961,	46,	1928,	'2019-05-24',	'เช้า',	0),
(10962,	46,	1966,	'2019-05-25',	'เช้า',	0),
(10963,	46,	1928,	'2019-05-24',	'บ่าย',	0),
(10964,	46,	1966,	'2019-05-25',	'บ่าย',	0),
(10965,	46,	1928,	'2019-05-25',	'เช้า',	0),
(10966,	46,	1967,	'2019-05-24',	'เช้า',	0),
(10967,	46,	1928,	'2019-05-25',	'บ่าย',	0),
(10968,	46,	1967,	'2019-05-24',	'บ่าย',	0),
(10969,	46,	1929,	'2019-05-24',	'เช้า',	0),
(10970,	46,	1967,	'2019-05-25',	'เช้า',	0),
(10971,	46,	1929,	'2019-05-24',	'บ่าย',	0),
(10972,	46,	1967,	'2019-05-25',	'บ่าย',	0),
(10973,	46,	1929,	'2019-05-25',	'เช้า',	0),
(10974,	46,	1968,	'2019-05-24',	'เช้า',	0),
(10975,	46,	1929,	'2019-05-25',	'บ่าย',	0),
(10976,	46,	1968,	'2019-05-24',	'บ่าย',	0),
(10977,	46,	1930,	'2019-05-24',	'เช้า',	0),
(10978,	46,	1968,	'2019-05-25',	'เช้า',	0),
(10979,	46,	1930,	'2019-05-24',	'บ่าย',	0),
(10980,	46,	1968,	'2019-05-25',	'บ่าย',	0),
(10981,	46,	1930,	'2019-05-25',	'เช้า',	0),
(10982,	46,	1969,	'2019-05-24',	'เช้า',	0),
(10983,	46,	1930,	'2019-05-25',	'บ่าย',	0),
(10984,	46,	1969,	'2019-05-24',	'บ่าย',	0),
(10985,	46,	1931,	'2019-05-24',	'เช้า',	0),
(10986,	46,	1969,	'2019-05-25',	'เช้า',	0),
(10987,	46,	1931,	'2019-05-24',	'บ่าย',	0),
(10988,	46,	1969,	'2019-05-25',	'บ่าย',	0),
(10989,	46,	1931,	'2019-05-25',	'เช้า',	0),
(10990,	46,	1970,	'2019-05-24',	'เช้า',	0),
(10991,	46,	1931,	'2019-05-25',	'บ่าย',	0),
(10992,	46,	1970,	'2019-05-24',	'บ่าย',	0),
(10993,	46,	1932,	'2019-05-24',	'เช้า',	0),
(10994,	46,	1970,	'2019-05-25',	'เช้า',	0),
(10995,	46,	1932,	'2019-05-24',	'บ่าย',	0),
(10996,	46,	1970,	'2019-05-25',	'บ่าย',	0),
(10997,	46,	1932,	'2019-05-25',	'เช้า',	0),
(10998,	46,	1971,	'2019-05-24',	'เช้า',	0),
(10999,	46,	1932,	'2019-05-25',	'บ่าย',	0),
(11000,	46,	1971,	'2019-05-24',	'บ่าย',	0),
(11001,	46,	1933,	'2019-05-24',	'เช้า',	0),
(11002,	46,	1971,	'2019-05-25',	'เช้า',	0),
(11003,	46,	1933,	'2019-05-24',	'บ่าย',	0),
(11004,	46,	1971,	'2019-05-25',	'บ่าย',	0),
(11005,	46,	1933,	'2019-05-25',	'เช้า',	0),
(11006,	46,	1972,	'2019-05-24',	'เช้า',	0),
(11007,	46,	1933,	'2019-05-25',	'บ่าย',	0),
(11008,	46,	1972,	'2019-05-24',	'บ่าย',	0),
(11009,	46,	1934,	'2019-05-24',	'เช้า',	0),
(11010,	46,	1972,	'2019-05-25',	'เช้า',	0),
(11011,	46,	1934,	'2019-05-24',	'บ่าย',	0),
(11012,	46,	1972,	'2019-05-25',	'บ่าย',	0),
(11013,	46,	1934,	'2019-05-25',	'เช้า',	0),
(11014,	46,	1973,	'2019-05-24',	'เช้า',	0),
(11015,	46,	1934,	'2019-05-25',	'บ่าย',	0),
(11016,	46,	1973,	'2019-05-24',	'บ่าย',	0),
(11017,	46,	1935,	'2019-05-24',	'เช้า',	0),
(11018,	46,	1973,	'2019-05-25',	'เช้า',	0),
(11019,	46,	1935,	'2019-05-24',	'บ่าย',	0),
(11020,	46,	1973,	'2019-05-25',	'บ่าย',	0),
(11021,	46,	1935,	'2019-05-25',	'เช้า',	0),
(11022,	46,	1974,	'2019-05-24',	'เช้า',	0),
(11023,	46,	1935,	'2019-05-25',	'บ่าย',	0),
(11024,	46,	1974,	'2019-05-24',	'บ่าย',	0),
(11025,	46,	1936,	'2019-05-24',	'เช้า',	0),
(11026,	46,	1974,	'2019-05-25',	'เช้า',	0),
(11027,	46,	1936,	'2019-05-24',	'บ่าย',	0),
(11028,	46,	1974,	'2019-05-25',	'บ่าย',	0),
(11029,	46,	1936,	'2019-05-25',	'เช้า',	0),
(11030,	46,	1975,	'2019-05-24',	'เช้า',	0),
(11031,	46,	1936,	'2019-05-25',	'บ่าย',	0),
(11032,	46,	1975,	'2019-05-24',	'บ่าย',	0),
(11033,	46,	1937,	'2019-05-24',	'เช้า',	0),
(11034,	46,	1975,	'2019-05-25',	'เช้า',	0),
(11035,	46,	1937,	'2019-05-24',	'บ่าย',	0),
(11036,	46,	1975,	'2019-05-25',	'บ่าย',	0),
(11037,	46,	1937,	'2019-05-25',	'เช้า',	0),
(11038,	46,	1976,	'2019-05-24',	'เช้า',	1),
(11039,	46,	1937,	'2019-05-25',	'บ่าย',	0),
(11040,	46,	1976,	'2019-05-24',	'บ่าย',	1),
(11041,	46,	1938,	'2019-05-24',	'เช้า',	0),
(11042,	46,	1976,	'2019-05-25',	'เช้า',	0),
(11043,	46,	1938,	'2019-05-24',	'บ่าย',	0),
(11044,	46,	1976,	'2019-05-25',	'บ่าย',	0),
(11045,	46,	1938,	'2019-05-25',	'เช้า',	0),
(11046,	46,	1938,	'2019-05-25',	'บ่าย',	0),
(11047,	46,	1939,	'2019-05-24',	'เช้า',	0),
(11048,	46,	1939,	'2019-05-24',	'บ่าย',	0),
(11049,	46,	1939,	'2019-05-25',	'เช้า',	0),
(11050,	46,	1939,	'2019-05-25',	'บ่าย',	0),
(11051,	46,	1940,	'2019-05-24',	'เช้า',	0),
(11052,	46,	1940,	'2019-05-24',	'บ่าย',	0),
(11053,	46,	1940,	'2019-05-25',	'เช้า',	0),
(11054,	46,	1940,	'2019-05-25',	'บ่าย',	0),
(11055,	46,	1941,	'2019-05-24',	'เช้า',	0),
(11056,	46,	1941,	'2019-05-24',	'บ่าย',	0),
(11057,	46,	1941,	'2019-05-25',	'เช้า',	0),
(11058,	46,	1941,	'2019-05-25',	'บ่าย',	0),
(11059,	46,	1942,	'2019-05-24',	'เช้า',	0),
(11060,	46,	1942,	'2019-05-24',	'บ่าย',	0),
(11061,	46,	1942,	'2019-05-25',	'เช้า',	0),
(11062,	46,	1942,	'2019-05-25',	'บ่าย',	0),
(11063,	46,	1943,	'2019-05-24',	'เช้า',	0),
(11064,	46,	1943,	'2019-05-24',	'บ่าย',	0),
(11065,	46,	1943,	'2019-05-25',	'เช้า',	0),
(11066,	46,	1943,	'2019-05-25',	'บ่าย',	0),
(11067,	46,	1944,	'2019-05-24',	'เช้า',	0),
(11068,	46,	1944,	'2019-05-24',	'บ่าย',	0),
(11069,	46,	1944,	'2019-05-25',	'เช้า',	0),
(11070,	46,	1944,	'2019-05-25',	'บ่าย',	0),
(11071,	46,	1945,	'2019-05-24',	'เช้า',	0),
(11072,	46,	1945,	'2019-05-24',	'บ่าย',	0),
(11073,	46,	1945,	'2019-05-25',	'เช้า',	0),
(11074,	46,	1945,	'2019-05-25',	'บ่าย',	0),
(11075,	46,	1946,	'2019-05-24',	'เช้า',	0),
(11076,	46,	1946,	'2019-05-24',	'บ่าย',	0),
(11077,	46,	1946,	'2019-05-25',	'เช้า',	0),
(11078,	46,	1946,	'2019-05-25',	'บ่าย',	0),
(11079,	46,	1947,	'2019-05-24',	'เช้า',	0),
(11080,	46,	1947,	'2019-05-24',	'บ่าย',	0),
(11081,	46,	1947,	'2019-05-25',	'เช้า',	0),
(11082,	46,	1947,	'2019-05-25',	'บ่าย',	0),
(11083,	46,	1948,	'2019-05-24',	'เช้า',	0),
(11084,	46,	1948,	'2019-05-24',	'บ่าย',	0),
(11085,	46,	1948,	'2019-05-25',	'เช้า',	0),
(11086,	46,	1948,	'2019-05-25',	'บ่าย',	0),
(11087,	46,	1949,	'2019-05-24',	'เช้า',	0),
(11088,	46,	1949,	'2019-05-24',	'บ่าย',	0),
(11089,	46,	1949,	'2019-05-25',	'เช้า',	0),
(11090,	46,	1949,	'2019-05-25',	'บ่าย',	0),
(11091,	46,	1950,	'2019-05-24',	'เช้า',	0),
(11092,	46,	1950,	'2019-05-24',	'บ่าย',	0),
(11093,	46,	1950,	'2019-05-25',	'เช้า',	0),
(11094,	46,	1950,	'2019-05-25',	'บ่าย',	0),
(11095,	46,	1951,	'2019-05-24',	'เช้า',	0),
(11096,	46,	1951,	'2019-05-24',	'บ่าย',	0),
(11097,	46,	1951,	'2019-05-25',	'เช้า',	0),
(11098,	46,	1951,	'2019-05-25',	'บ่าย',	0),
(11099,	46,	1952,	'2019-05-24',	'เช้า',	0),
(11100,	46,	1952,	'2019-05-24',	'บ่าย',	0),
(11101,	46,	1952,	'2019-05-25',	'เช้า',	0),
(11102,	46,	1952,	'2019-05-25',	'บ่าย',	0),
(11103,	46,	1953,	'2019-05-24',	'เช้า',	0),
(11104,	46,	1953,	'2019-05-24',	'บ่าย',	0),
(11105,	46,	1953,	'2019-05-25',	'เช้า',	0),
(11106,	46,	1953,	'2019-05-25',	'บ่าย',	0),
(11107,	46,	1954,	'2019-05-24',	'เช้า',	0),
(11108,	46,	1954,	'2019-05-24',	'บ่าย',	0),
(11109,	46,	1954,	'2019-05-25',	'เช้า',	0),
(11110,	46,	1954,	'2019-05-25',	'บ่าย',	0),
(11111,	46,	1955,	'2019-05-24',	'เช้า',	0),
(11112,	46,	1955,	'2019-05-24',	'บ่าย',	0),
(11113,	46,	1955,	'2019-05-25',	'เช้า',	0),
(11114,	46,	1955,	'2019-05-25',	'บ่าย',	0),
(11115,	46,	1956,	'2019-05-24',	'เช้า',	0),
(11116,	46,	1956,	'2019-05-24',	'บ่าย',	0),
(11117,	46,	1956,	'2019-05-25',	'เช้า',	0),
(11118,	46,	1956,	'2019-05-25',	'บ่าย',	0),
(11119,	46,	1957,	'2019-05-24',	'เช้า',	0),
(11120,	46,	1957,	'2019-05-24',	'บ่าย',	0),
(11121,	46,	1957,	'2019-05-25',	'เช้า',	0),
(11122,	46,	1957,	'2019-05-25',	'บ่าย',	0),
(11123,	46,	1958,	'2019-05-24',	'เช้า',	0),
(11124,	46,	1958,	'2019-05-24',	'บ่าย',	0),
(11125,	46,	1958,	'2019-05-25',	'เช้า',	0),
(11126,	46,	1958,	'2019-05-25',	'บ่าย',	0),
(11127,	46,	1959,	'2019-05-24',	'เช้า',	0),
(11128,	46,	1959,	'2019-05-24',	'บ่าย',	0),
(11129,	46,	1959,	'2019-05-25',	'เช้า',	0),
(11130,	46,	1959,	'2019-05-25',	'บ่าย',	0),
(11131,	46,	1960,	'2019-05-24',	'เช้า',	0),
(11132,	46,	1960,	'2019-05-24',	'บ่าย',	0),
(11133,	46,	1960,	'2019-05-25',	'เช้า',	0),
(11134,	46,	1960,	'2019-05-25',	'บ่าย',	0),
(11135,	46,	1961,	'2019-05-24',	'เช้า',	0),
(11136,	46,	1961,	'2019-05-24',	'บ่าย',	0),
(11137,	46,	1961,	'2019-05-25',	'เช้า',	0),
(11138,	46,	1961,	'2019-05-25',	'บ่าย',	0),
(11139,	46,	1962,	'2019-05-24',	'เช้า',	0),
(11140,	46,	1962,	'2019-05-24',	'บ่าย',	0),
(11141,	46,	1962,	'2019-05-25',	'เช้า',	0),
(11142,	46,	1962,	'2019-05-25',	'บ่าย',	0),
(11143,	46,	1963,	'2019-05-24',	'เช้า',	0),
(11144,	46,	1963,	'2019-05-24',	'บ่าย',	0),
(11145,	46,	1963,	'2019-05-25',	'เช้า',	0),
(11146,	46,	1963,	'2019-05-25',	'บ่าย',	0),
(11147,	46,	1964,	'2019-05-24',	'เช้า',	0),
(11148,	46,	1964,	'2019-05-24',	'บ่าย',	0),
(11149,	46,	1964,	'2019-05-25',	'เช้า',	0),
(11150,	46,	1964,	'2019-05-25',	'บ่าย',	0),
(11151,	46,	1965,	'2019-05-24',	'เช้า',	0),
(11152,	46,	1965,	'2019-05-24',	'บ่าย',	0),
(11153,	46,	1965,	'2019-05-25',	'เช้า',	0),
(11154,	46,	1965,	'2019-05-25',	'บ่าย',	0),
(11155,	46,	1966,	'2019-05-24',	'เช้า',	0),
(11156,	46,	1966,	'2019-05-24',	'บ่าย',	0),
(11157,	46,	1966,	'2019-05-25',	'เช้า',	0),
(11158,	46,	1966,	'2019-05-25',	'บ่าย',	0),
(11159,	46,	1967,	'2019-05-24',	'เช้า',	0),
(11160,	46,	1967,	'2019-05-24',	'บ่าย',	0),
(11161,	46,	1967,	'2019-05-25',	'เช้า',	0),
(11162,	46,	1967,	'2019-05-25',	'บ่าย',	0),
(11163,	46,	1968,	'2019-05-24',	'เช้า',	0),
(11164,	46,	1968,	'2019-05-24',	'บ่าย',	0),
(11165,	46,	1968,	'2019-05-25',	'เช้า',	0),
(11166,	46,	1968,	'2019-05-25',	'บ่าย',	0),
(11167,	46,	1969,	'2019-05-24',	'เช้า',	0),
(11168,	46,	1969,	'2019-05-24',	'บ่าย',	0),
(11169,	46,	1969,	'2019-05-25',	'เช้า',	0),
(11170,	46,	1969,	'2019-05-25',	'บ่าย',	0),
(11171,	46,	1970,	'2019-05-24',	'เช้า',	0),
(11172,	46,	1970,	'2019-05-24',	'บ่าย',	0),
(11173,	46,	1970,	'2019-05-25',	'เช้า',	0),
(11174,	46,	1970,	'2019-05-25',	'บ่าย',	0),
(11175,	46,	1971,	'2019-05-24',	'เช้า',	0),
(11176,	46,	1971,	'2019-05-24',	'บ่าย',	0),
(11177,	46,	1971,	'2019-05-25',	'เช้า',	0),
(11178,	46,	1971,	'2019-05-25',	'บ่าย',	0),
(11179,	46,	1972,	'2019-05-24',	'เช้า',	0),
(11180,	46,	1972,	'2019-05-24',	'บ่าย',	0),
(11181,	46,	1972,	'2019-05-25',	'เช้า',	0),
(11182,	46,	1972,	'2019-05-25',	'บ่าย',	0),
(11183,	46,	1973,	'2019-05-24',	'เช้า',	0),
(11184,	46,	1973,	'2019-05-24',	'บ่าย',	0),
(11185,	46,	1973,	'2019-05-25',	'เช้า',	0),
(11186,	46,	1973,	'2019-05-25',	'บ่าย',	0),
(11187,	46,	1974,	'2019-05-24',	'เช้า',	0),
(11188,	46,	1974,	'2019-05-24',	'บ่าย',	0),
(11189,	46,	1974,	'2019-05-25',	'เช้า',	0),
(11190,	46,	1974,	'2019-05-25',	'บ่าย',	0),
(11191,	46,	1975,	'2019-05-24',	'เช้า',	0),
(11192,	46,	1975,	'2019-05-24',	'บ่าย',	0),
(11193,	46,	1975,	'2019-05-25',	'เช้า',	0),
(11194,	46,	1975,	'2019-05-25',	'บ่าย',	0),
(11195,	46,	1976,	'2019-05-24',	'เช้า',	0),
(11196,	46,	1976,	'2019-05-24',	'บ่าย',	0),
(11197,	46,	1976,	'2019-05-25',	'เช้า',	0),
(11198,	46,	1976,	'2019-05-25',	'บ่าย',	0),
(11199,	44,	1809,	'2019-01-05',	'เช้า',	1),
(11200,	44,	1809,	'2019-01-05',	'บ่าย',	1),
(11201,	44,	1809,	'2019-01-06',	'เช้า',	0),
(11202,	44,	1809,	'2019-01-06',	'บ่าย',	1),
(11203,	44,	1810,	'2019-01-05',	'เช้า',	1),
(11204,	44,	1810,	'2019-01-05',	'บ่าย',	1),
(11205,	44,	1810,	'2019-01-06',	'เช้า',	1),
(11206,	44,	1810,	'2019-01-06',	'บ่าย',	1),
(11207,	44,	1811,	'2019-01-05',	'เช้า',	1),
(11208,	44,	1811,	'2019-01-05',	'บ่าย',	1),
(11209,	44,	1811,	'2019-01-06',	'เช้า',	1),
(11210,	44,	1811,	'2019-01-06',	'บ่าย',	1),
(11211,	44,	1812,	'2019-01-05',	'เช้า',	1),
(11212,	44,	1812,	'2019-01-05',	'บ่าย',	1),
(11213,	44,	1812,	'2019-01-06',	'เช้า',	1),
(11214,	44,	1812,	'2019-01-06',	'บ่าย',	1),
(11215,	44,	1813,	'2019-01-05',	'เช้า',	1),
(11216,	44,	1813,	'2019-01-05',	'บ่าย',	1),
(11217,	44,	1813,	'2019-01-06',	'เช้า',	1),
(11218,	44,	1813,	'2019-01-06',	'บ่าย',	1),
(11219,	44,	1814,	'2019-01-05',	'เช้า',	1),
(11220,	44,	1814,	'2019-01-05',	'บ่าย',	1),
(11221,	44,	1814,	'2019-01-06',	'เช้า',	1),
(11222,	44,	1814,	'2019-01-06',	'บ่าย',	1),
(11223,	44,	1815,	'2019-01-05',	'เช้า',	1),
(11224,	44,	1815,	'2019-01-05',	'บ่าย',	1),
(11225,	44,	1815,	'2019-01-06',	'เช้า',	0),
(11226,	44,	1815,	'2019-01-06',	'บ่าย',	1),
(11227,	44,	1816,	'2019-01-05',	'เช้า',	1),
(11228,	44,	1816,	'2019-01-05',	'บ่าย',	1),
(11229,	44,	1816,	'2019-01-06',	'เช้า',	0),
(11230,	44,	1816,	'2019-01-06',	'บ่าย',	1),
(11231,	44,	1817,	'2019-01-05',	'เช้า',	1),
(11232,	44,	1817,	'2019-01-05',	'บ่าย',	1),
(11233,	44,	1817,	'2019-01-06',	'เช้า',	0),
(11234,	44,	1817,	'2019-01-06',	'บ่าย',	1),
(11235,	44,	1818,	'2019-01-05',	'เช้า',	1),
(11236,	44,	1818,	'2019-01-05',	'บ่าย',	1),
(11237,	44,	1818,	'2019-01-06',	'เช้า',	1),
(11238,	44,	1818,	'2019-01-06',	'บ่าย',	1),
(11239,	44,	1819,	'2019-01-05',	'เช้า',	1),
(11240,	44,	1819,	'2019-01-05',	'บ่าย',	1),
(11241,	44,	1819,	'2019-01-06',	'เช้า',	1),
(11242,	44,	1819,	'2019-01-06',	'บ่าย',	1),
(11243,	44,	1820,	'2019-01-05',	'เช้า',	1),
(11244,	44,	1820,	'2019-01-05',	'บ่าย',	1),
(11245,	44,	1820,	'2019-01-06',	'เช้า',	1),
(11246,	44,	1820,	'2019-01-06',	'บ่าย',	1),
(11247,	44,	1821,	'2019-01-05',	'เช้า',	1),
(11248,	44,	1821,	'2019-01-05',	'บ่าย',	1),
(11249,	44,	1821,	'2019-01-06',	'เช้า',	0),
(11250,	44,	1821,	'2019-01-06',	'บ่าย',	1),
(11251,	44,	1822,	'2019-01-05',	'เช้า',	1),
(11252,	44,	1822,	'2019-01-05',	'บ่าย',	1),
(11253,	44,	1822,	'2019-01-06',	'เช้า',	0),
(11254,	44,	1822,	'2019-01-06',	'บ่าย',	1),
(11255,	44,	1823,	'2019-01-05',	'เช้า',	1),
(11256,	44,	1823,	'2019-01-05',	'บ่าย',	1),
(11257,	44,	1823,	'2019-01-06',	'เช้า',	0),
(11258,	44,	1823,	'2019-01-06',	'บ่าย',	1),
(11259,	44,	1824,	'2019-01-05',	'เช้า',	1),
(11260,	44,	1824,	'2019-01-05',	'บ่าย',	1),
(11261,	44,	1824,	'2019-01-06',	'เช้า',	1),
(11262,	44,	1824,	'2019-01-06',	'บ่าย',	1),
(11263,	44,	1825,	'2019-01-05',	'เช้า',	1),
(11264,	44,	1825,	'2019-01-05',	'บ่าย',	1),
(11265,	44,	1825,	'2019-01-06',	'เช้า',	1),
(11266,	44,	1825,	'2019-01-06',	'บ่าย',	1),
(11267,	44,	1826,	'2019-01-05',	'เช้า',	1),
(11268,	44,	1826,	'2019-01-05',	'บ่าย',	1),
(11269,	44,	1826,	'2019-01-06',	'เช้า',	1),
(11270,	44,	1826,	'2019-01-06',	'บ่าย',	1),
(11271,	44,	1827,	'2019-01-05',	'เช้า',	1),
(11272,	44,	1827,	'2019-01-05',	'บ่าย',	1),
(11273,	44,	1827,	'2019-01-06',	'เช้า',	1),
(11274,	44,	1827,	'2019-01-06',	'บ่าย',	1),
(11275,	44,	1828,	'2019-01-05',	'เช้า',	1),
(11276,	44,	1828,	'2019-01-05',	'บ่าย',	1),
(11277,	44,	1828,	'2019-01-06',	'เช้า',	0),
(11278,	44,	1828,	'2019-01-06',	'บ่าย',	1),
(11279,	44,	1829,	'2019-01-05',	'เช้า',	1),
(11280,	44,	1829,	'2019-01-05',	'บ่าย',	1),
(11281,	44,	1829,	'2019-01-06',	'เช้า',	0),
(11282,	44,	1829,	'2019-01-06',	'บ่าย',	1),
(11283,	44,	1830,	'2019-01-05',	'เช้า',	1),
(11284,	44,	1830,	'2019-01-05',	'บ่าย',	1),
(11285,	44,	1830,	'2019-01-06',	'เช้า',	0),
(11286,	44,	1830,	'2019-01-06',	'บ่าย',	1),
(11287,	44,	1831,	'2019-01-05',	'เช้า',	1),
(11288,	44,	1831,	'2019-01-05',	'บ่าย',	1),
(11289,	44,	1831,	'2019-01-06',	'เช้า',	0),
(11290,	44,	1831,	'2019-01-06',	'บ่าย',	1),
(11291,	44,	1832,	'2019-01-05',	'เช้า',	1),
(11292,	44,	1832,	'2019-01-05',	'บ่าย',	1),
(11293,	44,	1832,	'2019-01-06',	'เช้า',	0),
(11294,	44,	1832,	'2019-01-06',	'บ่าย',	1),
(11295,	44,	1833,	'2019-01-05',	'เช้า',	1),
(11296,	44,	1833,	'2019-01-05',	'บ่าย',	1),
(11297,	44,	1833,	'2019-01-06',	'เช้า',	0),
(11298,	44,	1833,	'2019-01-06',	'บ่าย',	1),
(11299,	44,	1834,	'2019-01-05',	'เช้า',	1),
(11300,	44,	1834,	'2019-01-05',	'บ่าย',	1),
(11301,	44,	1834,	'2019-01-06',	'เช้า',	1),
(11302,	44,	1834,	'2019-01-06',	'บ่าย',	1),
(11303,	44,	1835,	'2019-01-05',	'เช้า',	1),
(11304,	44,	1835,	'2019-01-05',	'บ่าย',	1),
(11305,	44,	1835,	'2019-01-06',	'เช้า',	1),
(11306,	44,	1835,	'2019-01-06',	'บ่าย',	1),
(11307,	44,	1836,	'2019-01-05',	'เช้า',	1),
(11308,	44,	1836,	'2019-01-05',	'บ่าย',	1),
(11309,	44,	1836,	'2019-01-06',	'เช้า',	1),
(11310,	44,	1836,	'2019-01-06',	'บ่าย',	1),
(11311,	44,	1837,	'2019-01-05',	'เช้า',	1),
(11312,	44,	1837,	'2019-01-05',	'บ่าย',	1),
(11313,	44,	1837,	'2019-01-06',	'เช้า',	1),
(11314,	44,	1837,	'2019-01-06',	'บ่าย',	1),
(11315,	44,	1838,	'2019-01-05',	'เช้า',	1),
(11316,	44,	1838,	'2019-01-05',	'บ่าย',	1),
(11317,	44,	1838,	'2019-01-06',	'เช้า',	1),
(11318,	44,	1838,	'2019-01-06',	'บ่าย',	1),
(11319,	44,	1839,	'2019-01-05',	'เช้า',	1),
(11320,	44,	1839,	'2019-01-05',	'บ่าย',	1),
(11321,	44,	1839,	'2019-01-06',	'เช้า',	1),
(11322,	44,	1839,	'2019-01-06',	'บ่าย',	1),
(11323,	44,	1840,	'2019-01-05',	'เช้า',	1),
(11324,	44,	1840,	'2019-01-05',	'บ่าย',	1),
(11325,	44,	1840,	'2019-01-06',	'เช้า',	1),
(11326,	44,	1840,	'2019-01-06',	'บ่าย',	1),
(11327,	44,	1841,	'2019-01-05',	'เช้า',	1),
(11328,	44,	1841,	'2019-01-05',	'บ่าย',	1),
(11329,	44,	1841,	'2019-01-06',	'เช้า',	1),
(11330,	44,	1841,	'2019-01-06',	'บ่าย',	1),
(11331,	44,	1842,	'2019-01-05',	'เช้า',	1),
(11332,	44,	1842,	'2019-01-05',	'บ่าย',	1),
(11333,	44,	1842,	'2019-01-06',	'เช้า',	1),
(11334,	44,	1842,	'2019-01-06',	'บ่าย',	1),
(11335,	44,	1843,	'2019-01-05',	'เช้า',	1),
(11336,	44,	1843,	'2019-01-05',	'บ่าย',	1),
(11337,	44,	1843,	'2019-01-06',	'เช้า',	1),
(11338,	44,	1843,	'2019-01-06',	'บ่าย',	1),
(11339,	44,	1844,	'2019-01-05',	'เช้า',	1),
(11340,	44,	1844,	'2019-01-05',	'บ่าย',	1),
(11341,	44,	1844,	'2019-01-06',	'เช้า',	1),
(11342,	44,	1844,	'2019-01-06',	'บ่าย',	1),
(11343,	44,	1845,	'2019-01-05',	'เช้า',	1),
(11344,	44,	1845,	'2019-01-05',	'บ่าย',	1),
(11345,	44,	1845,	'2019-01-06',	'เช้า',	1),
(11346,	44,	1845,	'2019-01-06',	'บ่าย',	1),
(11347,	44,	1846,	'2019-01-05',	'เช้า',	1),
(11348,	44,	1846,	'2019-01-05',	'บ่าย',	1),
(11349,	44,	1846,	'2019-01-06',	'เช้า',	1),
(11350,	44,	1846,	'2019-01-06',	'บ่าย',	1),
(11351,	44,	1847,	'2019-01-05',	'เช้า',	1),
(11352,	44,	1847,	'2019-01-05',	'บ่าย',	1),
(11353,	44,	1847,	'2019-01-06',	'เช้า',	1),
(11354,	44,	1847,	'2019-01-06',	'บ่าย',	1),
(11355,	44,	1848,	'2019-01-05',	'เช้า',	1),
(11356,	44,	1848,	'2019-01-05',	'บ่าย',	1),
(11357,	44,	1848,	'2019-01-06',	'เช้า',	1),
(11358,	44,	1848,	'2019-01-06',	'บ่าย',	1),
(11359,	44,	1849,	'2019-01-05',	'เช้า',	1),
(11360,	44,	1849,	'2019-01-05',	'บ่าย',	1),
(11361,	44,	1849,	'2019-01-06',	'เช้า',	1),
(11362,	44,	1849,	'2019-01-06',	'บ่าย',	1),
(11363,	44,	1850,	'2019-01-05',	'เช้า',	1),
(11364,	44,	1850,	'2019-01-05',	'บ่าย',	1),
(11365,	44,	1850,	'2019-01-06',	'เช้า',	1),
(11366,	44,	1850,	'2019-01-06',	'บ่าย',	1),
(11367,	44,	1851,	'2019-01-05',	'เช้า',	1),
(11368,	44,	1851,	'2019-01-05',	'บ่าย',	1),
(11369,	44,	1851,	'2019-01-06',	'เช้า',	1),
(11370,	44,	1851,	'2019-01-06',	'บ่าย',	1),
(11371,	44,	1852,	'2019-01-05',	'เช้า',	1),
(11372,	44,	1852,	'2019-01-05',	'บ่าย',	1),
(11373,	44,	1852,	'2019-01-06',	'เช้า',	1),
(11374,	44,	1852,	'2019-01-06',	'บ่าย',	1),
(11375,	44,	1853,	'2019-01-05',	'เช้า',	1),
(11376,	44,	1853,	'2019-01-05',	'บ่าย',	1),
(11377,	44,	1853,	'2019-01-06',	'เช้า',	1),
(11378,	44,	1853,	'2019-01-06',	'บ่าย',	1),
(11379,	44,	1854,	'2019-01-05',	'เช้า',	1),
(11380,	44,	1854,	'2019-01-05',	'บ่าย',	1),
(11381,	44,	1854,	'2019-01-06',	'เช้า',	1),
(11382,	44,	1854,	'2019-01-06',	'บ่าย',	1),
(11383,	44,	1855,	'2019-01-05',	'เช้า',	1),
(11384,	44,	1855,	'2019-01-05',	'บ่าย',	1),
(11385,	44,	1855,	'2019-01-06',	'เช้า',	1),
(11386,	44,	1855,	'2019-01-06',	'บ่าย',	1),
(11387,	44,	1856,	'2019-01-05',	'เช้า',	0),
(11388,	44,	1856,	'2019-01-05',	'บ่าย',	0),
(11389,	44,	1856,	'2019-01-06',	'เช้า',	1),
(11390,	44,	1856,	'2019-01-06',	'บ่าย',	1),
(11391,	44,	1857,	'2019-01-05',	'เช้า',	0),
(11392,	44,	1857,	'2019-01-05',	'บ่าย',	0),
(11393,	44,	1857,	'2019-01-06',	'เช้า',	1),
(11394,	44,	1857,	'2019-01-06',	'บ่าย',	1),
(11395,	44,	1858,	'2019-01-05',	'เช้า',	0),
(11396,	44,	1858,	'2019-01-05',	'บ่าย',	0),
(11397,	44,	1858,	'2019-01-06',	'เช้า',	1),
(11398,	44,	1858,	'2019-01-06',	'บ่าย',	1),
(11399,	44,	1859,	'2019-01-05',	'เช้า',	1),
(11400,	44,	1859,	'2019-01-05',	'บ่าย',	1),
(11401,	44,	1859,	'2019-01-06',	'เช้า',	1),
(11402,	44,	1859,	'2019-01-06',	'บ่าย',	1),
(11403,	44,	1860,	'2019-01-05',	'เช้า',	1),
(11404,	44,	1860,	'2019-01-05',	'บ่าย',	1),
(11405,	44,	1860,	'2019-01-06',	'เช้า',	1),
(11406,	44,	1860,	'2019-01-06',	'บ่าย',	1),
(11407,	44,	1861,	'2019-01-05',	'เช้า',	1),
(11408,	44,	1861,	'2019-01-05',	'บ่าย',	1),
(11409,	44,	1861,	'2019-01-06',	'เช้า',	1),
(11410,	44,	1861,	'2019-01-06',	'บ่าย',	1),
(11411,	44,	1862,	'2019-01-05',	'เช้า',	1),
(11412,	44,	1862,	'2019-01-05',	'บ่าย',	1),
(11413,	44,	1862,	'2019-01-06',	'เช้า',	1),
(11414,	44,	1862,	'2019-01-06',	'บ่าย',	1),
(11415,	44,	1863,	'2019-01-05',	'เช้า',	1),
(11416,	44,	1863,	'2019-01-05',	'บ่าย',	1),
(11417,	44,	1863,	'2019-01-06',	'เช้า',	1),
(11418,	44,	1863,	'2019-01-06',	'บ่าย',	1),
(11419,	44,	1864,	'2019-01-05',	'เช้า',	1),
(11420,	44,	1864,	'2019-01-05',	'บ่าย',	1),
(11421,	44,	1864,	'2019-01-06',	'เช้า',	1),
(11422,	44,	1864,	'2019-01-06',	'บ่าย',	1);

DROP TABLE IF EXISTS `responsibilities`;
CREATE TABLE `responsibilities` (
  `id` int(11) NOT NULL AUTO_INCREMENT,
  `teacher_id` int(11) NOT NULL,
  `activity_detail_id` int(11) NOT NULL,
  PRIMARY KEY (`id`),
  KEY `teacher_id` (`teacher_id`),
  KEY `activity_detail_id` (`activity_detail_id`),
  CONSTRAINT `responsibilities_ibfk_1` FOREIGN KEY (`teacher_id`) REFERENCES `teachers` (`id`),
  CONSTRAINT `responsibilities_ibfk_3` FOREIGN KEY (`activity_detail_id`) REFERENCES `activity_details` (`id`) ON DELETE CASCADE
) ENGINE=InnoDB DEFAULT CHARSET=utf8 COLLATE=utf8_unicode_ci;

INSERT INTO `responsibilities` (`id`, `teacher_id`, `activity_detail_id`) VALUES
(107,	13,	32),
(108,	12,	32),
(109,	13,	33),
(110,	12,	33),
(111,	13,	34),
(112,	12,	34),
(122,	13,	38),
(123,	9,	38),
(124,	12,	38),
(125,	13,	39),
(126,	9,	39),
(127,	12,	39),
(128,	13,	40),
(129,	9,	40),
(130,	12,	40),
(131,	8,	41),
(132,	13,	41),
(133,	9,	41),
(134,	12,	41),
(135,	10,	41),
(136,	8,	42),
(137,	13,	42),
(138,	9,	42),
(139,	12,	42),
(140,	10,	42),
(141,	8,	43),
(142,	13,	43),
(143,	9,	43),
(144,	12,	43),
(145,	10,	43),
(146,	8,	44),
(147,	13,	44),
(148,	9,	44),
(149,	12,	44),
(150,	10,	44),
(151,	8,	45),
(152,	13,	45),
(153,	9,	45),
(154,	12,	45),
(155,	10,	45),
(156,	8,	46),
(157,	13,	46),
(158,	9,	46),
(159,	12,	46),
(160,	10,	46);

DROP TABLE IF EXISTS `roles`;
CREATE TABLE `roles` (
  `id` int(11) NOT NULL AUTO_INCREMENT,
  `name` varchar(255) DEFAULT NULL,
  `isAdmin` bit(1) NOT NULL,
  `isTeacher` bit(1) NOT NULL,
  `isHeadTeacher` bit(1) NOT NULL,
  `created_at` datetime NOT NULL,
  `updated_at` datetime NOT NULL,
  PRIMARY KEY (`id`)
) ENGINE=InnoDB DEFAULT CHARSET=utf8;

INSERT INTO `roles` (`id`, `name`, `isAdmin`, `isTeacher`, `isHeadTeacher`, `created_at`, `updated_at`) VALUES
(1,	'ผู้ดูแลระบบ',	CONV('1', 2, 10) + 0,	CONV('0', 2, 10) + 0,	CONV('0', 2, 10) + 0,	'2019-01-09 23:03:53',	'2019-01-09 23:03:57'),
(2,	'อาจารย์',	CONV('0', 2, 10) + 0,	CONV('1', 2, 10) + 0,	CONV('0', 2, 10) + 0,	'2019-01-09 23:04:10',	'2019-01-09 23:04:13'),
(3,	'ประธานหลักสูตร',	CONV('0', 2, 10) + 0,	CONV('0', 2, 10) + 0,	CONV('1', 2, 10) + 0,	'2019-01-24 20:24:54',	'2019-01-24 20:24:54');

DROP TABLE IF EXISTS `students`;
CREATE TABLE `students` (
  `id` int(11) NOT NULL,
  `user_id` int(11) NOT NULL,
  `prefix` varchar(20) COLLATE utf8_unicode_ci NOT NULL,
  `firstname` varchar(100) COLLATE utf8_unicode_ci NOT NULL,
  `lastname` varchar(100) COLLATE utf8_unicode_ci NOT NULL,
  `image` text COLLATE utf8_unicode_ci,
  `year` varchar(4) COLLATE utf8_unicode_ci NOT NULL,
  `tel` varchar(10) COLLATE utf8_unicode_ci DEFAULT NULL,
  `email` varchar(200) COLLATE utf8_unicode_ci DEFAULT NULL,
  `created_at` datetime NOT NULL,
  `created_by` int(11) DEFAULT NULL,
  `updated_at` datetime NOT NULL,
  `updated_by` int(11) DEFAULT NULL,
  `deleted_at` datetime DEFAULT NULL,
  PRIMARY KEY (`id`),
  KEY `user_id` (`user_id`),
  CONSTRAINT `students_ibfk_1` FOREIGN KEY (`user_id`) REFERENCES `users` (`id`)
) ENGINE=InnoDB DEFAULT CHARSET=utf8 COLLATE=utf8_unicode_ci;

INSERT INTO `students` (`id`, `user_id`, `prefix`, `firstname`, `lastname`, `image`, `year`, `tel`, `email`, `created_at`, `created_by`, `updated_at`, `updated_by`, `deleted_at`) VALUES
(57140980,	152,	'นาย',	'จีรพัฒน์',	'วิหคหาญ',	NULL,	'2557',	NULL,	NULL,	'2019-04-22 18:08:28',	NULL,	'2019-04-22 18:08:28',	NULL,	NULL),
(58111410,	124,	'นาย',	'โกเมศ',	'รักชุม',	NULL,	'2558',	NULL,	NULL,	'2019-03-20 14:47:26',	NULL,	'2019-03-20 14:47:26',	NULL,	NULL),
(58112418,	125,	'นาย',	'ฉลองราช',	'ประสิทธิวงศ์',	NULL,	'2558',	NULL,	NULL,	'2019-03-20 14:48:12',	NULL,	'2019-03-20 14:48:12',	NULL,	NULL),
(58112970,	126,	'นางสาว',	'ชิดชนก',	'ยีสมัน',	NULL,	'2558',	NULL,	NULL,	'2019-03-20 14:49:42',	NULL,	'2019-05-21 18:04:35',	NULL,	'2019-05-21 18:04:35'),
(58113341,	127,	'นางสาว',	'ฏอฮีเราะฮ์',	'ฮูซัยนี',	NULL,	'2558',	NULL,	NULL,	'2019-03-20 14:50:37',	NULL,	'2019-03-20 14:50:37',	NULL,	NULL),
(58117656,	128,	'นาย',	'พรชัย',	'กลิ่นมาลา',	NULL,	'2558',	NULL,	NULL,	'2019-03-20 14:53:43',	NULL,	'2019-03-20 14:53:43',	NULL,	NULL),
(58120379,	129,	'นาย',	'วุฒิชัย',	'เพ็ชร์ทอง',	NULL,	'2558',	NULL,	NULL,	'2019-03-20 14:54:32',	NULL,	'2019-03-20 14:54:32',	NULL,	NULL),
(58121435,	130,	'นาย',	'สิทธิชัย',	'เขียวเข็ม',	NULL,	'2558',	NULL,	NULL,	'2019-03-20 15:08:21',	NULL,	'2019-03-20 15:08:21',	NULL,	NULL),
(58121856,	131,	'นางสาว',	'สุทสา',	'จันหอม',	NULL,	'2558',	NULL,	NULL,	'2019-03-20 15:12:38',	NULL,	'2019-03-20 15:12:38',	NULL,	NULL),
(58122516,	132,	'นาย',	'หฤษฎ์',	'คงทอง',	NULL,	'2558',	NULL,	NULL,	'2019-03-20 15:13:04',	NULL,	'2019-03-20 15:13:04',	NULL,	NULL),
(58140500,	133,	'นาย',	'กิตปกรณ์',	'ทองเงิน',	NULL,	'2558',	NULL,	NULL,	'2019-03-20 15:14:53',	NULL,	'2019-03-20 15:14:53',	NULL,	NULL),
(58141623,	134,	'นาย',	'ทัศวัฒน์',	'รัตนพันธ์',	NULL,	'2558',	NULL,	NULL,	'2019-03-20 15:17:09',	NULL,	'2019-03-20 15:17:09',	NULL,	NULL),
(58142753,	135,	'นางสาว',	'ประภาพร',	'มั่งมี',	NULL,	'2558',	NULL,	NULL,	'2019-03-20 15:17:42',	NULL,	'2019-03-20 15:17:42',	NULL,	NULL),
(58143033,	136,	'นาย',	'พงศธร',	'จันด้วง',	NULL,	'2558',	NULL,	NULL,	'2019-03-20 15:18:26',	NULL,	'2019-03-20 15:18:26',	NULL,	NULL),
(58143900,	137,	'นาย',	'มูฮัมหมัดมะฮ์ดี',	'ราโอ๊ะ',	NULL,	'2558',	NULL,	NULL,	'2019-03-20 15:19:01',	NULL,	'2019-03-20 15:19:01',	NULL,	NULL),
(58144239,	138,	'นาย',	'ลิขสิทธิ์',	'สุขชาญ',	NULL,	'2558',	NULL,	NULL,	'2019-03-20 15:21:56',	NULL,	'2019-03-20 15:21:56',	NULL,	NULL),
(58144924,	139,	'นาย',	'ศุภณัฐ',	'คุ้มปิยะผล',	NULL,	'2558',	NULL,	NULL,	'2019-03-20 15:23:25',	NULL,	'2019-03-20 15:23:25',	NULL,	NULL),
(58145236,	140,	'นางสาว',	'สุดารัตน์',	'ผิวอ่อน',	'avatar/140/20190519210322screencapture-localhost-SWE-Activities-Management-System-2-manage-user-teacher-suspended-2019-05-18-19_00_35 (1).png',	'2558',	'0908243820',	'sudarat.sp@gmail.com',	'2019-03-20 15:33:48',	NULL,	'2019-05-24 16:52:17',	NULL,	NULL),
(58147406,	141,	'นาย',	'ธนากร',	'ลิ้มสกุล',	NULL,	'2558',	NULL,	NULL,	'2019-03-20 15:34:35',	NULL,	'2019-03-20 15:34:35',	NULL,	NULL),
(58148602,	142,	'นางสาว',	'สิริพร',	'พุทธวิริยะ',	NULL,	'2558',	NULL,	NULL,	'2019-03-20 15:35:06',	NULL,	'2019-03-20 15:35:06',	NULL,	NULL),
(58149840,	143,	'นางสาว',	'อลีฟ',	'รักไทรทอง',	NULL,	'2558',	NULL,	NULL,	'2019-03-20 15:35:35',	NULL,	'2019-03-20 15:35:35',	NULL,	NULL),
(58162660,	144,	'นาย',	'สมศักดิ์',	'หมั่นถนอม',	NULL,	'2558',	NULL,	NULL,	'2019-03-20 15:36:01',	NULL,	'2019-03-20 15:36:01',	NULL,	NULL),
(58162694,	145,	'นาย',	'สหรัฐ',	'รักดำ',	'avatar/145/20190521145402fr.jpg',	'2558',	'0123456789',	'gmail@gmail.com',	'2019-03-20 15:36:32',	NULL,	'2019-05-21 14:54:02',	NULL,	NULL),
(58212345,	155,	'นาย',	'สุดสวย',	'ที่สุด',	NULL,	'2558',	NULL,	NULL,	'2019-04-23 16:31:16',	NULL,	'2019-05-19 17:48:01',	NULL,	'2019-05-19 17:48:01'),
(58512265,	162,	'นาย',	'หาย',	'นะ',	NULL,	'2558',	NULL,	NULL,	'2019-05-19 17:49:11',	NULL,	'2019-05-19 17:49:48',	NULL,	'2019-05-19 17:49:48'),
(58888888,	150,	'นางสาว',	'test',	'a',	NULL,	'2558',	NULL,	NULL,	'2019-04-19 10:33:58',	NULL,	'2019-05-19 17:47:00',	NULL,	'2019-05-19 17:47:00'),
(59112557,	107,	'นาย',	'ชัยสิทธิ์',	'คุณาปกรณ์การ',	NULL,	'2559',	NULL,	NULL,	'2019-03-20 13:56:04',	NULL,	'2019-03-20 13:56:04',	NULL,	NULL),
(59113423,	108,	'นาย',	'ณัฐดนัย',	'จารย์โพธิ์',	NULL,	'2559',	NULL,	NULL,	'2019-03-20 13:56:36',	NULL,	'2019-03-20 13:56:36',	NULL,	NULL),
(59113589,	109,	'นาย',	'ณัฐพล',	'บุญสุวรรณ์',	NULL,	'2559',	NULL,	NULL,	'2019-03-20 13:57:09',	NULL,	'2019-03-20 13:57:09',	NULL,	NULL),
(59114462,	110,	'นาย',	'ธนวัฒน์',	'อุไรรัตน์',	NULL,	'2559',	NULL,	NULL,	'2019-03-20 13:57:40',	NULL,	'2019-03-20 13:57:40',	NULL,	NULL),
(59114819,	111,	'นางสาว',	'ธิดารัตน์',	'สุรัตวดี',	NULL,	'2559',	NULL,	NULL,	'2019-03-20 13:58:22',	NULL,	'2019-03-20 13:58:22',	NULL,	NULL),
(59119438,	112,	'นาย',	'ณัฐพงค์',	'ปริตรศิรประภา',	NULL,	'2559',	NULL,	NULL,	'2019-03-20 14:01:19',	NULL,	'2019-03-20 14:01:19',	NULL,	NULL),
(59119610,	113,	'นาย',	'วรวิบูล',	'ไกรแก้ว',	NULL,	'2559',	NULL,	NULL,	'2019-03-20 14:01:52',	NULL,	'2019-03-20 14:01:52',	NULL,	NULL),
(59119941,	114,	'นางสาว',	'วิชุตา',	'หมาดอะดำ',	NULL,	'2559',	NULL,	NULL,	'2019-03-20 14:02:19',	NULL,	'2019-03-20 14:02:19',	NULL,	NULL),
(59120535,	115,	'นางสาว',	'ศิริกัญญา',	'หัตถการ',	NULL,	'2559',	NULL,	NULL,	'2019-03-20 14:04:32',	NULL,	'2019-03-20 14:04:32',	NULL,	NULL),
(59121368,	116,	'นางสาว',	'สิดารัศมิ์',	'ขาวบาง',	NULL,	'2559',	NULL,	NULL,	'2019-03-20 14:05:09',	NULL,	'2019-03-20 14:05:09',	NULL,	NULL),
(59121970,	117,	'นางสาว',	'สุภาวดี',	'โพธิ์แป้น',	NULL,	'2559',	NULL,	NULL,	'2019-03-20 14:05:46',	NULL,	'2019-03-20 14:05:46',	NULL,	NULL),
(59123570,	118,	'นาย',	'อารีฟีน',	'กุลดี',	NULL,	'2559',	NULL,	NULL,	'2019-03-20 14:06:41',	NULL,	'2019-03-20 14:06:41',	NULL,	NULL),
(59141242,	119,	'นางสาว',	'ณกรตา',	'เปียทอง',	NULL,	'2559',	NULL,	NULL,	'2019-03-20 14:07:11',	NULL,	'2019-03-20 14:07:11',	NULL,	NULL),
(59142901,	120,	'นางสาว',	'พัฒนะศักดิ์',	'พิเศษศิลป์',	NULL,	'2559',	NULL,	NULL,	'2019-03-20 14:07:57',	NULL,	'2019-03-20 14:07:57',	NULL,	NULL),
(59145003,	121,	'นาย',	'อัสมาวี',	'ลาเตะ',	NULL,	'2559',	NULL,	NULL,	'2019-03-20 14:08:29',	NULL,	'2019-03-20 14:08:29',	NULL,	NULL),
(59145219,	122,	'นาย',	'เอกวิชญ์',	'จำนงจิต',	NULL,	'2559',	NULL,	NULL,	'2019-03-20 14:17:12',	NULL,	'2019-03-20 14:17:12',	NULL,	NULL),
(59147918,	123,	'นาย',	'ณัฐวุฒิ',	'ชูบัวทอง',	NULL,	'2559',	NULL,	NULL,	'2019-03-20 14:17:45',	NULL,	'2019-03-20 14:17:45',	NULL,	NULL),
(60110673,	91,	'นางสาว',	'เก็จมณี',	'ทองใบ',	NULL,	'2560',	NULL,	NULL,	'2019-03-20 13:22:22',	NULL,	'2019-03-20 13:22:22',	NULL,	NULL),
(60110863,	92,	'นาย',	'คุณัชญ์',	'ทองมี',	NULL,	'2560',	NULL,	NULL,	'2019-03-20 13:22:57',	NULL,	'2019-03-20 13:22:57',	NULL,	NULL),
(60111465,	93,	'นาย',	'ชลธาร',	'แก้วเจริญ',	NULL,	'2560',	NULL,	NULL,	'2019-03-20 13:27:26',	NULL,	'2019-03-20 13:27:26',	NULL,	NULL),
(60112869,	94,	'นาย',	'ธีนพัฒน์',	'รัตนวงศ์',	NULL,	'2560',	NULL,	NULL,	'2019-03-20 13:28:26',	NULL,	'2019-03-20 13:28:26',	NULL,	NULL),
(60113008,	95,	'นาย',	'นฤเบศ',	'รีวรรณ',	NULL,	'2560',	NULL,	NULL,	'2019-03-20 13:34:26',	NULL,	'2019-03-20 13:34:26',	NULL,	NULL),
(60113479,	96,	'นาย',	'บุรินทร์',	'พันธ์ชาติ',	NULL,	'2560',	NULL,	NULL,	'2019-03-20 13:35:46',	NULL,	'2019-03-20 13:35:46',	NULL,	NULL),
(60113834,	97,	'นางสาว',	'ปัญญพัฒน์',	'เจือบุญ',	NULL,	'2560',	NULL,	NULL,	'2019-03-20 13:36:23',	NULL,	'2019-03-20 13:36:23',	NULL,	NULL),
(60114105,	98,	'นาย',	'พงศธร',	'รักทอง',	NULL,	'2560',	NULL,	NULL,	'2019-03-20 13:38:19',	NULL,	'2019-03-20 13:38:19',	NULL,	NULL),
(60140365,	99,	'นาย',	'กิตติพงษ์',	'ทูรย์ภานุประพันธ์',	NULL,	'2560',	NULL,	NULL,	'2019-03-20 13:39:13',	NULL,	'2019-03-20 13:39:13',	NULL,	NULL),
(60140852,	100,	'นางสาว',	'จุตติมาศ',	'มาลัย',	NULL,	'2560',	NULL,	NULL,	'2019-03-20 13:41:31',	NULL,	'2019-03-20 13:41:31',	NULL,	NULL),
(60141900,	101,	'นางสาว',	'ธัญวรัตน์',	'จินดา',	NULL,	'2560',	NULL,	NULL,	'2019-03-20 13:41:58',	NULL,	'2019-03-20 13:41:58',	NULL,	NULL),
(60144235,	102,	'นางสาว',	'ศิริรัตน์',	'วิชิตแย้ม',	NULL,	'2560',	NULL,	NULL,	'2019-03-20 13:42:37',	NULL,	'2019-03-20 13:42:37',	NULL,	NULL),
(60144730,	103,	'นาย',	'สุทธิพงษ์',	'จินตาแก้ว',	NULL,	'2560',	NULL,	NULL,	'2019-03-20 13:43:08',	NULL,	'2019-03-20 13:43:08',	NULL,	NULL),
(60144961,	104,	'นางสาว',	'เสาวรัตน์',	'ชวนดี',	NULL,	'2560',	NULL,	NULL,	'2019-03-20 13:43:50',	NULL,	'2019-03-20 13:43:50',	NULL,	NULL),
(60146313,	105,	'นาย',	'ชัชวาล',	'สุคนธปฏิภาค',	NULL,	'2560',	NULL,	NULL,	'2019-03-20 13:44:22',	NULL,	'2019-03-20 13:44:22',	NULL,	NULL),
(60191053,	106,	'นางสาว',	'อะวาฏิฟ',	'ยูโซ๊ะ',	NULL,	'2560',	NULL,	NULL,	'2019-03-20 13:44:56',	NULL,	'2019-03-20 13:44:56',	NULL,	NULL),
(61101192,	67,	'นางสาว',	'จริยาวดี',	'เนียมนาค',	NULL,	'2561',	NULL,	NULL,	'2019-03-18 13:50:18',	NULL,	'2019-03-18 13:50:18',	NULL,	NULL),
(61101242,	68,	'นาย',	'จักรพงษ์',	'กระต่ายทอง',	NULL,	'2561',	NULL,	NULL,	'2019-03-18 13:51:50',	NULL,	'2019-03-18 13:51:50',	NULL,	NULL),
(61101655,	69,	'นางสาว',	'จุฑาภรณ์',	'พุ่มมณี',	NULL,	'2561',	NULL,	NULL,	'2019-03-18 13:52:57',	NULL,	'2019-03-18 13:52:57',	NULL,	NULL),
(61102299,	70,	'นาย',	'โชติวิชช์',	'วรเดช',	NULL,	'2561',	NULL,	NULL,	'2019-03-18 13:54:20',	NULL,	'2019-03-18 13:54:20',	NULL,	NULL),
(61103776,	71,	'นาย',	'ธิติพงศ์',	'ปุรินสุวรรณ',	NULL,	'2561',	NULL,	NULL,	'2019-03-18 13:55:39',	NULL,	'2019-03-18 13:55:39',	NULL,	NULL),
(61104139,	72,	'นาย',	'นลธวัช',	'แก้วจีน',	NULL,	'2561',	NULL,	NULL,	'2019-03-18 13:56:34',	NULL,	'2019-03-18 13:56:34',	NULL,	NULL),
(61105631,	73,	'นางสาว',	'ปิยมินทร์',	'ใจมา',	NULL,	'2561',	NULL,	NULL,	'2019-03-18 13:57:43',	NULL,	'2019-03-18 13:57:43',	NULL,	NULL),
(61105888,	74,	'นาย',	'พนมกร',	'มหาสวัสดิ์',	NULL,	'2561',	NULL,	NULL,	'2019-03-18 13:59:08',	NULL,	'2019-03-18 13:59:08',	NULL,	NULL),
(61107686,	75,	'นาย',	'วรเมธ',	'ขวัญนิมิตร',	NULL,	'2561',	NULL,	NULL,	'2019-03-18 13:59:49',	NULL,	'2019-03-18 13:59:49',	NULL,	NULL),
(61108262,	76,	'นางสาว',	'ศรินญา',	'คงเส้ง',	NULL,	'2561',	NULL,	NULL,	'2019-03-18 14:00:47',	NULL,	'2019-03-18 14:00:47',	NULL,	NULL),
(61108718,	77,	'นางสาว',	'สจีหัสสา',	'อินทรวิมล',	NULL,	'2561',	NULL,	NULL,	'2019-03-18 14:01:44',	NULL,	'2019-03-18 14:01:44',	NULL,	NULL),
(61111191,	78,	'นางสาว',	'จิราวรรณ',	'ช่วยแก้ว',	NULL,	'2561',	NULL,	NULL,	'2019-03-18 14:02:57',	NULL,	'2019-03-18 14:02:57',	NULL,	NULL),
(61111415,	79,	'นางสาว',	'ชุติมา',	'อนันตกูล',	NULL,	'2561',	NULL,	NULL,	'2019-03-18 14:03:47',	NULL,	'2019-03-18 14:03:47',	NULL,	NULL),
(61113239,	80,	'นาย',	'วิทวัส',	'ช่วยพนัง',	NULL,	'2561',	NULL,	NULL,	'2019-03-18 14:04:33',	NULL,	'2019-03-18 14:04:33',	NULL,	NULL),
(61113403,	81,	'นาย',	'ศิวกร',	'หนักแน่น',	NULL,	'2561',	NULL,	NULL,	'2019-03-18 14:05:15',	NULL,	'2019-03-18 14:05:15',	NULL,	NULL),
(61113619,	82,	'นาย',	'สิทธินนท์',	'เดิมหลิ่ม',	NULL,	'2561',	NULL,	NULL,	'2019-03-18 14:05:55',	NULL,	'2019-03-18 14:05:55',	NULL,	NULL),
(61113858,	83,	'นาย',	'สุวิจักขณ์',	'พิศสุพรรณ',	NULL,	'2561',	NULL,	NULL,	'2019-03-18 14:07:18',	NULL,	'2019-04-19 00:49:02',	NULL,	NULL),
(61115184,	84,	'นาย',	'ก่อกฤษฎิ์',	'อินทิศ',	NULL,	'2561',	NULL,	NULL,	'2019-03-18 14:07:54',	NULL,	'2019-03-18 14:07:54',	NULL,	NULL),
(61115267,	85,	'นางสาว',	'ชนิกานต์',	'พจมานพงศ์',	NULL,	'2561',	NULL,	NULL,	'2019-03-18 14:08:41',	NULL,	'2019-03-18 14:08:41',	NULL,	NULL),
(61116141,	86,	'นาย',	'ณธกร',	'จิระอรรคพงษ์',	NULL,	'2561',	NULL,	NULL,	'2019-03-18 14:09:30',	NULL,	'2019-04-19 00:49:04',	NULL,	NULL),
(61118717,	87,	'นาย',	'รัตธนาตย์',	'รัตนพันธุ์',	NULL,	'2561',	NULL,	NULL,	'2019-03-18 14:13:06',	NULL,	'2019-03-18 14:13:06',	NULL,	NULL),
(61120531,	88,	'นาย',	'ชุมพร',	'แก้วพิทักษ์',	NULL,	'2561',	NULL,	NULL,	'2019-03-18 14:13:44',	NULL,	'2019-04-19 00:49:06',	NULL,	NULL),
(61122685,	89,	'นางสาว',	'สัณห์สินี',	'รักเนียม',	NULL,	'2561',	NULL,	NULL,	'2019-03-18 14:14:19',	NULL,	'2019-05-13 20:49:34',	NULL,	NULL);

DROP TABLE IF EXISTS `teachers`;
CREATE TABLE `teachers` (
  `id` int(11) NOT NULL AUTO_INCREMENT,
  `user_id` int(11) NOT NULL,
  `position_id` int(11) NOT NULL,
  `role_id` int(11) NOT NULL,
  `prefix` text COLLATE utf8_unicode_ci NOT NULL,
  `prefix_level` int(11) NOT NULL DEFAULT '0',
  `firstname` varchar(100) COLLATE utf8_unicode_ci NOT NULL,
  `lastname` varchar(100) COLLATE utf8_unicode_ci NOT NULL,
  `image` text COLLATE utf8_unicode_ci,
  `tel` varchar(10) COLLATE utf8_unicode_ci NOT NULL,
  `email` varchar(200) COLLATE utf8_unicode_ci NOT NULL,
  `room` varchar(200) COLLATE utf8_unicode_ci NOT NULL,
  `created_at` datetime NOT NULL,
  `created_by` int(11) NOT NULL,
  `updated_at` datetime NOT NULL,
  `updated_by` int(11) NOT NULL,
  `deleted_at` datetime DEFAULT NULL,
  PRIMARY KEY (`id`),
  KEY `user_id` (`user_id`),
  KEY `position_id` (`position_id`),
  KEY `role_id` (`role_id`),
  CONSTRAINT `teachers_ibfk_1` FOREIGN KEY (`user_id`) REFERENCES `users` (`id`),
  CONSTRAINT `teachers_ibfk_2` FOREIGN KEY (`position_id`) REFERENCES `positions` (`id`),
  CONSTRAINT `teachers_ibfk_3` FOREIGN KEY (`role_id`) REFERENCES `roles` (`id`)
) ENGINE=InnoDB DEFAULT CHARSET=utf8 COLLATE=utf8_unicode_ci;

INSERT INTO `teachers` (`id`, `user_id`, `position_id`, `role_id`, `prefix`, `prefix_level`, `firstname`, `lastname`, `image`, `tel`, `email`, `room`, `created_at`, `created_by`, `updated_at`, `updated_by`, `deleted_at`) VALUES
(8,	55,	2,	2,	'ผู้ช่วยศาสตราจารย์ ดร.',	100,	'ฐิมาพร',	'เพชรแก้ว',	'avatar/55/20190521145032Thimaporn.jpg',	'0815387210',	'pthimapo2@wu.ac.th',	'c3',	'2019-01-27 22:34:34',	0,	'2019-05-23 21:46:30',	0,	NULL),
(9,	56,	3,	3,	'อาจารย์ ดร.',	60,	'กรัณรัตน์',	'ธรรมรักษ์',	'avatar/56/20190521144853Karanrat.jpg',	'',	'kanchan.th@wu.ac.th',	'อาคารวิชาการ3',	'2019-01-27 22:36:34',	0,	'2019-05-23 21:44:41',	0,	NULL),
(10,	57,	1,	1,	'นาย',	0,	'ประทีป',	'คงกล้า',	'avatar/57/20190524123553prateep.jpg',	'0987249979',	'pra@wu.ac.th',	'ตึกนวัตรกรรม',	'2019-01-27 22:37:37',	0,	'2019-05-24 12:35:53',	0,	NULL),
(11,	58,	2,	2,	'ผู้ช่วยศาสตราจารย์',	90,	'อุหมาด',	'หมัดอาด้ำ',	'avatar/58/20190521145115Uhamard.jpg',	'',	'muhamard@wu.ac.th',	'อาคารวิชาการ3',	'2019-01-27 22:41:14',	0,	'2019-05-23 21:44:29',	0,	NULL),
(12,	59,	2,	2,	'อาจารย์ ดร.',	60,	'พุทธิพร',	'ธนธรรมเมธี',	'avatar/59/2019052321014161469719_526183991248245_5098543994770554880_n.jpg',	'0818948295',	'putthiporn.th@wu.ac.th',	'อาคารวิชาการ3',	'2019-01-27 22:43:19',	0,	'2019-05-23 21:45:25',	0,	NULL),
(13,	60,	2,	2,	'ผู้ช่วยศาสตราจารย์',	90,	'เยาวเรศ',	'ศิริสถิตย์กุล',	'avatar/60/20190521145258Yaowarat.jpg',	'0837827276',	'syaowara@wu.ac.th',	'อาคารวิชาการ3',	'2019-01-27 22:44:52',	0,	'2019-05-23 21:46:49',	0,	NULL);

DROP TABLE IF EXISTS `terms`;
CREATE TABLE `terms` (
  `year` int(4) NOT NULL,
  `sector` int(1) NOT NULL,
  `created_at` datetime NOT NULL,
  `updated_at` datetime NOT NULL,
  PRIMARY KEY (`year`,`sector`)
) ENGINE=InnoDB DEFAULT CHARSET=utf8 COLLATE=utf8_unicode_ci;

INSERT INTO `terms` (`year`, `sector`, `created_at`, `updated_at`) VALUES
(2558,	1,	'0000-00-00 00:00:00',	'0000-00-00 00:00:00'),
(2558,	2,	'0000-00-00 00:00:00',	'0000-00-00 00:00:00'),
(2558,	3,	'0000-00-00 00:00:00',	'0000-00-00 00:00:00'),
(2559,	1,	'0000-00-00 00:00:00',	'0000-00-00 00:00:00'),
(2559,	2,	'0000-00-00 00:00:00',	'0000-00-00 00:00:00'),
(2559,	3,	'0000-00-00 00:00:00',	'0000-00-00 00:00:00'),
(2560,	1,	'0000-00-00 00:00:00',	'0000-00-00 00:00:00'),
(2560,	2,	'0000-00-00 00:00:00',	'0000-00-00 00:00:00'),
(2560,	3,	'0000-00-00 00:00:00',	'0000-00-00 00:00:00'),
(2561,	1,	'0000-00-00 00:00:00',	'0000-00-00 00:00:00'),
(2561,	2,	'0000-00-00 00:00:00',	'0000-00-00 00:00:00'),
(2561,	3,	'0000-00-00 00:00:00',	'0000-00-00 00:00:00');

DROP TABLE IF EXISTS `users`;
CREATE TABLE `users` (
  `id` int(11) NOT NULL AUTO_INCREMENT,
  `username` varchar(50) COLLATE utf8_unicode_ci NOT NULL,
  `password` varchar(200) COLLATE utf8_unicode_ci NOT NULL,
  `remember_token` text COLLATE utf8_unicode_ci,
  `created_at` datetime NOT NULL DEFAULT '0000-00-00 00:00:00' ON UPDATE CURRENT_TIMESTAMP,
  `created_by` varchar(50) COLLATE utf8_unicode_ci NOT NULL,
  `updated_at` datetime DEFAULT NULL,
  `updated_by` varchar(50) COLLATE utf8_unicode_ci DEFAULT NULL,
  PRIMARY KEY (`id`)
) ENGINE=InnoDB DEFAULT CHARSET=utf8 COLLATE=utf8_unicode_ci;

INSERT INTO `users` (`id`, `username`, `password`, `remember_token`, `created_at`, `created_by`, `updated_at`, `updated_by`) VALUES
(55,	'pthimapo2@wu.ac.th',	'$2y$10$LSA1n/xcA4JVRfAuwv9aa.mOtXzTY.rLH9tdqpMSSGXBEe61K6QcS',	'QGCovXyrnk1LWj8mbYh7lXCUiZgX972Mb11Smu4b2F74jblIxKuo3skvtLze',	'2019-05-21 14:50:38',	'',	'2019-05-21 14:50:38',	NULL),
(56,	'kanchan.th@wu.ac.th',	'$2y$10$hcmyFbQ0MOqD9/37bpSREOAYNeWmttQsF770Qp633Z86T6d5WpDWK',	'qC97K1g0BvAcdU3u9nyLhHWYRXO1Ly3MRpjruI8oLiEg2GiWPI2H3PGBJ3RD',	'2019-05-24 12:02:13',	'',	'2019-05-24 12:02:13',	NULL),
(57,	'pra@wu.ac.th',	'$2y$10$A.lILFswamQywIkyiVhEn.eUOH4UkFdOs2MOe2NEN8UkMd78akSey',	'l1MWmXIGPg2uQ8alW7p3Bm1pJV4i3gmAcSicW9NlBRZTmFz7wcaU7G6oXaf0',	'2019-05-24 11:51:39',	'',	'2019-05-24 11:51:39',	NULL),
(58,	'muhamard@wu.ac.th',	'$2y$10$cjlExpqXoFsdtfqfO8oRxOzGAvxW6VBRhDf1haWT0JvW3i1qH8K0.',	'BEGZ9wSwsKuMcmmvyT9rtobtu087hQDkacAqWfIA5Chgv4lwSlSYCc6h3Yoj',	'2019-05-21 14:51:21',	'',	'2019-05-21 14:51:21',	NULL),
(59,	'putthiporn.th@wu.ac.th',	'$2y$10$4iixfs8x4vmUj22ktXQMLe22s59bFZZSycs2EJc7XT0m9JXYu51a.',	'YzugLJM0JGCat6DhuK0gy5aYsN2rdJr4ue7OwMAEuHXuefHMLmOU6jjxLzkO',	'2019-05-24 11:14:11',	'',	'2019-05-24 11:14:11',	NULL),
(60,	'syaowara@wu.ac.th',	'$2y$10$EE5FpFUInqFHI4JbMxffi.ciyNbmFOifx8G/uwfl7ia9TpvCv3lU2',	'oqI3bcUNW6b4POh5Iyz6jz7xOk8g2qAV2sHGhxPLanYx77BHfb5M0WNKttxe',	'2016-05-23 20:06:23',	'',	'2016-05-23 20:06:23',	NULL),
(66,	'61122516',	'$2y$10$qiPifv6D/9pgAAKN.v17UOs5MeH1nVh5DoJdft/l.6BNiv.GqDwJK',	NULL,	'2019-03-07 12:13:28',	'',	'2019-03-07 12:13:28',	NULL),
(67,	'61101192',	'$2y$10$JtL955mRwYQp40NmXZUVEevROCjykDm7n0kfZllVABLfVYMVNRxxC',	NULL,	'2019-03-18 13:50:18',	'',	'2019-03-18 13:50:18',	NULL),
(68,	'61101242',	'$2y$10$cJrNHlrQjUuDPSFmk594OeSz1xhWCuJuQMqVZt7t0MmdfszF6wnMG',	NULL,	'2019-03-18 13:51:50',	'',	'2019-03-18 13:51:50',	NULL),
(69,	'61101655',	'$2y$10$wgo7Fa6TNYMuEG2jjrHUuum29MeNMfbweQolGLcZDp2h/rIV/8qe6',	NULL,	'2019-03-18 13:52:57',	'',	'2019-03-18 13:52:57',	NULL),
(70,	'61102299',	'$2y$10$Fxci0rNfjrCG5CLriTkP.eqPfw2AW11RBT0a8MbQzfZqfxZNscqBC',	NULL,	'2019-03-18 13:54:20',	'',	'2019-03-18 13:54:20',	NULL),
(71,	'61103776',	'$2y$10$mZxJXB7mvuGf0h36uGX4zu8oXj3ZfPFthAtPL842snePX08eOtiXq',	NULL,	'2019-03-18 13:55:39',	'',	'2019-03-18 13:55:39',	NULL),
(72,	'61104139',	'$2y$10$zWzu.Z3xEgeXRgkakBG/r.vZXp0lUU/xJsbqrE5Wy5YKEy9GooBW2',	NULL,	'2019-03-18 13:56:34',	'',	'2019-03-18 13:56:34',	NULL),
(73,	'61105631',	'$2y$10$JldSiDgmo1ZqGUENSiZ4dOEbU3Ox/R9ks.X.Bx0J7Ob/BWGMIUyNa',	NULL,	'2019-03-18 13:57:42',	'',	'2019-03-18 13:57:42',	NULL),
(74,	'61105888',	'$2y$10$xHmKTIsUQFLBrUhWYxdOkO5Nnnj5yp54yHSDQlNT0y8OVB3rdiak2',	NULL,	'2019-03-18 13:59:08',	'',	'2019-03-18 13:59:08',	NULL),
(75,	'61107686',	'$2y$10$WaDw577JJ8kxslAkXfOMC.tMPYtE7jxn7WOM9UT8TfsxH6bxoGqBq',	NULL,	'2019-03-18 13:59:49',	'',	'2019-03-18 13:59:49',	NULL),
(76,	'61108262',	'$2y$10$xLZbNALchlZjGLZt1oqWDOcgSEtZv2ND/wM5qKxCS4sFFXa.WzAdq',	NULL,	'2019-03-18 14:00:47',	'',	'2019-03-18 14:00:47',	NULL),
(77,	'61108718',	'$2y$10$oEF6tAJgjQ.3stLskJhClOL4EUekljMsJRfT1f.eAuaANo9tdHafu',	NULL,	'2019-03-18 14:01:44',	'',	'2019-03-18 14:01:44',	NULL),
(78,	'61111191',	'$2y$10$mKn4aA9L6K6gkE0o5Fs66esRApC4S4TAzSUXofasVd1CIh5yTg9lO',	NULL,	'2019-03-18 14:02:57',	'',	'2019-03-18 14:02:57',	NULL),
(79,	'61111415',	'$2y$10$wy1D8uu1YkSy4eAxZp2H4.m8pccSscjKmvxFyANvE4lWtodKmhqY6',	NULL,	'2019-03-18 14:03:47',	'',	'2019-03-18 14:03:47',	NULL),
(80,	'61113239',	'$2y$10$xn97ll14PpetTXaCmxFlKe5oHxfqLSJ0ROWXQFWBL1hPuYk4xXUQ2',	NULL,	'2019-03-18 14:04:33',	'',	'2019-03-18 14:04:33',	NULL),
(81,	'61113403',	'$2y$10$ce2tsE29Lz.YundBEpsP3el2fkkjXMLsY3KWgVOBXRaXplPaymJxq',	NULL,	'2019-03-18 14:05:15',	'',	'2019-03-18 14:05:15',	NULL),
(82,	'61113619',	'$2y$10$WfWPoWCb6ZbUkohu.iS0j.GV/pK4QLTz28.hSr02NwUZprk8hWmtq',	NULL,	'2019-03-18 14:05:55',	'',	'2019-03-18 14:05:55',	NULL),
(83,	'61113858',	'$2y$10$7QC7nRpQjPW.NAKKT0hoaeP5tTtmaeM6H.USUkbYyMQUAISf2mZTK',	NULL,	'2019-03-18 14:07:18',	'',	'2019-03-18 14:07:18',	NULL),
(84,	'61115184',	'$2y$10$tDzf.E0MZ5fLcx4JUCOy0um8GDFLj2weGc7UvBKtyfPY.UK3lgJRK',	NULL,	'2019-03-18 14:07:54',	'',	'2019-03-18 14:07:54',	NULL),
(85,	'61115267',	'$2y$10$dgM/LgLnY0D/BqHO7WWfbeO.LE0MOd9XeZGmfeXniEkDSCxrFjUDq',	NULL,	'2019-03-18 14:08:41',	'',	'2019-03-18 14:08:41',	NULL),
(86,	'61116141',	'$2y$10$ujL4DZ/6w/49V.1/HVqUqOfYfJnSpi/kf0Au6K976kO.RSSVbhG7O',	NULL,	'2019-03-18 14:09:30',	'',	'2019-03-18 14:09:30',	NULL),
(87,	'61118717',	'$2y$10$kjix7E9g6YFtnAA2fMwCleaHRa9vynVi6Vl1W410Be0bmzuUW3YnG',	NULL,	'2019-03-18 14:13:06',	'',	'2019-03-18 14:13:06',	NULL),
(88,	'61120531',	'$2y$10$o/IZi3AMsZ8YMqtAcVYaVOwIciSId94CwCczhSV7HDR443ZAdMGra',	NULL,	'2019-03-18 14:13:44',	'',	'2019-03-18 14:13:44',	NULL),
(89,	'61122685',	'$2y$10$K9o4hhoWYoOwaHKAwZK4uupKoghRfdcBYAMtuE8SRQ49jPcgz5NjC',	'ip1nTwc2OzdFmy1YorkCoeLdZUklToAL4kIULulTTSyKhdRKr5ub0QMP0c3h',	'2019-05-24 11:55:49',	'',	'2019-05-24 11:55:49',	NULL),
(91,	'60110673',	'$2y$10$PERC/7CiOi9FhN08sIkPLeBNL3rnjgUAirmG4UPKv1e/Hd4JXG3Pq',	NULL,	'2019-03-20 13:22:22',	'',	'2019-03-20 13:22:22',	NULL),
(92,	'60110863',	'$2y$10$gRtfBnkj9HM1LiuWoh6rK.zImEf3qR.njjDjFU34oS4T9ZzLUEtg2',	NULL,	'2019-03-20 13:22:57',	'',	'2019-03-20 13:22:57',	NULL),
(93,	'60111465',	'$2y$10$twdY0.SkdPec./9QA9YYT.rDQXkGDuYNxxcG9/6t2kgAYQI4oO3WC',	NULL,	'2019-03-20 13:27:26',	'',	'2019-03-20 13:27:26',	NULL),
(94,	'60112869',	'$2y$10$TEb709aAmWIZcSr7wihiGuxp/aLCQmaDVxgFBk3A0PQw85mlBBCoO',	NULL,	'2019-03-20 13:28:26',	'',	'2019-03-20 13:28:26',	NULL),
(95,	'60113008',	'$2y$10$edORuOhTWLBue0R5BT0McOSbtwPDAu3lcGSj7usYU2KFUhLITHj16',	NULL,	'2019-03-20 13:34:26',	'',	'2019-03-20 13:34:26',	NULL),
(96,	'60113479',	'$2y$10$ldSLlANzLIL7RGwwMQqgQecw3A/GGsbABcuev7tvxyxgShtWqS9Be',	NULL,	'2019-03-20 13:35:46',	'',	'2019-03-20 13:35:46',	NULL),
(97,	'60113834',	'$2y$10$hpsybBLnRIwVOmo5iGksTeoYjq6uc7URVs0N63QKLZneq2W.mEHsy',	NULL,	'2019-03-20 13:36:23',	'',	'2019-03-20 13:36:23',	NULL),
(98,	'60114105',	'$2y$10$YTX8Bv09W/IDmEOHvmgSOO7CayRnEtNU6KXQWjP2DIxd4d38vDu7K',	NULL,	'2019-03-20 13:38:19',	'',	'2019-03-20 13:38:19',	NULL),
(99,	'60140365',	'$2y$10$Hx31IIq20OXiHW9MciStOeCStVFs60j0s8tgGJcs..cHKHvuZE2R.',	NULL,	'2019-03-20 13:39:13',	'',	'2019-03-20 13:39:13',	NULL),
(100,	'60140852',	'$2y$10$.P4NGVpBVAytBrNRo3BoKOV3aWbzUxI9gCeUsb3/u0pygXH0dBl7G',	NULL,	'2019-03-20 13:41:31',	'',	'2019-03-20 13:41:31',	NULL),
(101,	'60141900',	'$2y$10$zGiAX0WbLmvSt57RePyo5.JXnKxaCV9Wg6ACr.XETsU/op/JtRh.S',	NULL,	'2019-03-20 13:41:58',	'',	'2019-03-20 13:41:58',	NULL),
(102,	'60144235',	'$2y$10$9QETjqZ64nvwlzVLyWLXEe540JdncbClm0n9wQpd0f2U37j3lqhOK',	NULL,	'2019-03-20 13:42:37',	'',	'2019-03-20 13:42:37',	NULL),
(103,	'60144730',	'$2y$10$TJhC/hIR3uevpjWynZYk.uuylDQAVoJa5vX72kHY1v5cs61A4aOd2',	NULL,	'2019-03-20 13:43:08',	'',	'2019-03-20 13:43:08',	NULL),
(104,	'60144961',	'$2y$10$7PnS5wh.DvRDq/tYoW4EKuNCsu3Q/CUei7QlVba9NI8PVUbrP/9/y',	NULL,	'2019-03-20 13:43:50',	'',	'2019-03-20 13:43:50',	NULL),
(105,	'60146313',	'$2y$10$u16ZmP9uEtPF1t0Z9vPZ.OZxQBvCKVLmHLg/oEK1vNy8XHZO7i2IG',	NULL,	'2019-03-20 13:44:22',	'',	'2019-03-20 13:44:22',	NULL),
(106,	'60191053',	'$2y$10$NqbT8fsU.oh/vlAG.33Quu/qVWXOFgqtIaQT2z4nq9VwB1T59n97.',	NULL,	'2019-03-20 13:44:56',	'',	'2019-03-20 13:44:56',	NULL),
(107,	'59112557',	'$2y$10$9.f7QusOIVq5H/qWz0Jdy.8E7eEvUxTxdIXHpe.u1VITuxapSmbd2',	NULL,	'2019-03-20 13:56:04',	'',	'2019-03-20 13:56:04',	NULL),
(108,	'59113423',	'$2y$10$9UygSPs2RwqJWm38hOGRN.nejTonMEKIuD29PJZ9sgFUox.gtpYR.',	NULL,	'2019-03-20 13:56:36',	'',	'2019-03-20 13:56:36',	NULL),
(109,	'59113589',	'$2y$10$kY5OzjzlE4QnG1UzI7yaaeI3HYoikoqO6f02p87u3c68YzC2FgfSS',	NULL,	'2019-03-20 13:57:09',	'',	'2019-03-20 13:57:09',	NULL),
(110,	'59114462',	'$2y$10$PzWQbc/VsXFnQkWW27UeaOKSIMYP3eUouZntmVXEE.5fqVrfdMSTG',	NULL,	'2019-03-20 13:57:40',	'',	'2019-03-20 13:57:40',	NULL),
(111,	'59114819',	'$2y$10$G4cYMS/w.nphNNGAYvqt.e8zkH6WWQkxCavfkRp7c/lDcUtkDmnbe',	NULL,	'2019-03-20 13:58:22',	'',	'2019-03-20 13:58:22',	NULL),
(112,	'59119438',	'$2y$10$1yVid4TqbgS4kECWlhahmO0cU3uiCeGPGVdtwoGdTXRosLjkJhxfi',	NULL,	'2019-03-20 14:01:19',	'',	'2019-03-20 14:01:19',	NULL),
(113,	'59119610',	'$2y$10$6GgzoDZcCnR8MxIEdnCGs.7W.sX.4Ey98U9nw/gRcnncVnL5qYSsC',	NULL,	'2019-03-20 14:01:52',	'',	'2019-03-20 14:01:52',	NULL),
(114,	'59119941',	'$2y$10$j.m7vtjWCpbad/WFM/iuZunXVkDK909/1xGYlssgQjFppaapZ.b2C',	NULL,	'2019-03-20 14:02:19',	'',	'2019-03-20 14:02:19',	NULL),
(115,	'59120535',	'$2y$10$uMKBJf92cbhSyQ1c3modAeNbr2oVeDSq6ViMTtebM/TvU/kpr7Pay',	NULL,	'2019-03-20 14:04:32',	'',	'2019-03-20 14:04:32',	NULL),
(116,	'59121368',	'$2y$10$qo3cV/n6EbTaq.HXgHFhqed2cEp4Id4lKcNMConR43DCcQRWK2WEG',	NULL,	'2019-03-20 14:05:09',	'',	'2019-03-20 14:05:09',	NULL),
(117,	'59121970',	'$2y$10$MR2owH3oGNr6qQa6Zg1MaufgPuBZrQTqUlyji7HTIjX/8lqNuWLUy',	NULL,	'2019-03-20 14:05:46',	'',	'2019-03-20 14:05:46',	NULL),
(118,	'59123570',	'$2y$10$Ojf06B2QpR0mMGXGlwLY1.pxf5PVAWSenB/EdhrjKMx0VGbJh8C8e',	NULL,	'2019-03-20 14:06:41',	'',	'2019-03-20 14:06:41',	NULL),
(119,	'59141242',	'$2y$10$yDOx1MS0P1.0OdAXHk31n.MDMqewry5kgpsfyVXNB.bPl5XwRMkeW',	NULL,	'2019-03-20 14:07:11',	'',	'2019-03-20 14:07:11',	NULL),
(120,	'59142901',	'$2y$10$FAoN.aXTo2RWSPVtnaRDxeJxeR8VBtHllvTDULXAe3rfV10hXURAa',	NULL,	'2019-03-20 14:07:56',	'',	'2019-03-20 14:07:56',	NULL),
(121,	'59145003',	'$2y$10$5m8V6Upy1FQqmdaXVIn10OT9PxlsgKgtBtHbTP6bxUn/kGi0ZgKhy',	NULL,	'2019-03-20 14:08:29',	'',	'2019-03-20 14:08:29',	NULL),
(122,	'59145219',	'$2y$10$qj7a8UAl6HMY86aUviQyyuOTrBXc3/cGap2fd/tYjkFHbYhUz.GPG',	NULL,	'2019-03-20 14:17:11',	'',	'2019-03-20 14:17:11',	NULL),
(123,	'59147918',	'$2y$10$ywApXZ49P95X5g.SxNLeZOw/FqCHIVn8C3B8j4g2KXIfWy2RjJxNG',	NULL,	'2019-03-20 14:17:44',	'',	'2019-03-20 14:17:44',	NULL),
(124,	'58111410',	'$2y$10$5.jSdyviBu5Bk8qfylWZIuE5p467SCJjSOV8OVMDZ/kINwhEZNSKK',	NULL,	'2019-03-20 14:47:26',	'',	'2019-03-20 14:47:26',	NULL),
(125,	'58112418',	'$2y$10$eTBKnePUMwQfHM3lDk.1KOQw/SlbvZqKb9nqoLCukXKkFmjw5z8UC',	NULL,	'2019-03-20 14:48:12',	'',	'2019-03-20 14:48:12',	NULL),
(126,	'58112970',	'$2y$10$Q/58dvMjasKAhWu1un/6nefv4shxcyKhP8LQISn1YtJrdO/iTzGRW',	NULL,	'2019-03-20 14:49:42',	'',	'2019-03-20 14:49:42',	NULL),
(127,	'58113341',	'$2y$10$7glADzzNQgCdn7uSJx33AuFOQ/w558qE1jdg.KrcphO5.WOZG7FqK',	NULL,	'2019-03-20 14:50:37',	'',	'2019-03-20 14:50:37',	NULL),
(128,	'58117656',	'$2y$10$zurtLlCjJ/swR7rWP4mYc.P0qVt.De9mNsOLjZPjrVCqLWpzRGvYC',	NULL,	'2019-03-20 14:53:43',	'',	'2019-03-20 14:53:43',	NULL),
(129,	'58120379',	'$2y$10$8YtEU8nRtnJZbU5MZ/bx5uPPjdCC0pZI8dvQUVSSrCXOr842Y/eiu',	NULL,	'2019-03-20 14:54:32',	'',	'2019-03-20 14:54:32',	NULL),
(130,	'58121435',	'$2y$10$gVfkcO.hZifdDtC8n8fAp.jLQ1M7UF3h7faO2dz.wfw7jka.rDK9S',	NULL,	'2019-03-20 15:08:21',	'',	'2019-03-20 15:08:21',	NULL),
(131,	'58121856',	'$2y$10$FxJb1Pg.6XYUvS69cv8LZ.QDY.Pktj6snwJxhCTdtFdBaA/2paI.q',	NULL,	'2019-03-20 15:12:38',	'',	'2019-03-20 15:12:38',	NULL),
(132,	'58122516',	'$2y$10$OoQBQVHczpsvC63F4jwU6O4D37L5TMdHGXnkFreB3uywLQS4JFeoa',	NULL,	'2019-03-20 15:13:04',	'',	'2019-03-20 15:13:04',	NULL),
(133,	'58140500',	'$2y$10$.s6KQnrWaetdOr/iVxVysODfYcjverLVmVdBV982GrkLMN0QimLTC',	NULL,	'2019-03-20 15:14:53',	'',	'2019-03-20 15:14:53',	NULL),
(134,	'58141623',	'$2y$10$oc26yfOfFkieqsFaBkWHceOyvVVAdTPIuF..VQBDksq4AFAVS6ESy',	NULL,	'2019-03-20 15:17:09',	'',	'2019-03-20 15:17:09',	NULL),
(135,	'58142753',	'$2y$10$sqFtKPxT5avTzprxt8vpveZhN8ENR7LSETBJAW7So67WAMK1Y8odO',	NULL,	'2019-03-20 15:17:42',	'',	'2019-03-20 15:17:42',	NULL),
(136,	'58143033',	'$2y$10$vLQqh0OMaNt9YzWzuj38deKOJQNEuvO9QJzyDA3CZBlA.BrgEWVSa',	NULL,	'2019-03-20 15:18:26',	'',	'2019-03-20 15:18:26',	NULL),
(137,	'58143900',	'$2y$10$ObqGUXhBvN01JIJOFpjJ6O79JeycE2fMpdacGznr5Mm3m.HKJpB6K',	NULL,	'2019-03-20 15:19:01',	'',	'2019-03-20 15:19:01',	NULL),
(138,	'58144239',	'$2y$10$e6eT4A1kyezMObkY6LjN9.k77hp01/yfv.pH0c6/3saz6gs910OaK',	NULL,	'2019-03-20 15:21:56',	'',	'2019-03-20 15:21:56',	NULL),
(139,	'58144924',	'$2y$10$F42q9jdgMeUHvY7b2e9SAuWIilD2ejuEL2QAoALp/WOivGLjR.pwa',	NULL,	'2019-03-20 15:23:25',	'',	'2019-03-20 15:23:25',	NULL),
(140,	'58145236',	'$2y$10$x9m2zF2gKEVDZkBUoyjMyu5rD/bDIIgwe1/tRwbo6yadzw7KWpJjO',	'qUVFyR5qKvPgf5jM9zBlgAnkTYwciGaFr0DwjmqUD81dACEoahAn7rVf0jvQ',	'2019-05-24 16:55:24',	'',	'2019-05-24 16:55:24',	NULL),
(141,	'58147406',	'$2y$10$CSj.RuMd37.8tvjxnjwHZ.cVk7R7Rrv0qnM82ksNCiBUjd5OkRr6O',	NULL,	'2019-03-20 15:34:35',	'',	'2019-03-20 15:34:35',	NULL),
(142,	'58148602',	'$2y$10$YMsiqTwrXF66afM15qMhJuRH9o3lVPnxfRR69zv6KXuL6s.dqSM3O',	NULL,	'2019-03-20 15:35:05',	'',	'2019-03-20 15:35:05',	NULL),
(143,	'58149840',	'$2y$10$XYULxUeeHYh7ZMQp50A9XuySsdwPprq4Fr05kdzlBtlhZUQXwj9zi',	NULL,	'2019-03-20 15:35:35',	'',	'2019-03-20 15:35:35',	NULL),
(144,	'58162660',	'$2y$10$K53Suyg5IQXmOCfWh3P0MOQcnVPhD3lzVTymnR8fN3Gg3AmSOYnuK',	NULL,	'2019-03-20 15:36:01',	'',	'2019-03-20 15:36:01',	NULL),
(145,	'58162694',	'$2y$10$C43NLF8N3wQRy5chFa7vouqS9OnTrSoZpdGX5jMQruAp4lhowujci',	'ROJfn7UTUq0JUUdfvlIIgw5xG7DwEATfQei9X0GOZGA9OVaS4CgouGHIEI7U',	'2019-05-21 14:54:10',	'',	'2019-05-21 14:54:10',	NULL),
(146,	'so@hotmail.com',	'$2y$10$IOgs5yFOUtJfDwhevADNmem.ZpcQ7vcpjT2QSxOQ2ARV5fu9wCr.m',	NULL,	'2019-03-22 09:37:06',	'',	'2019-03-22 09:37:06',	NULL),
(147,	'12345678',	'$2y$10$SQxmhTbnq2XNeUuaWlhHSOtj6s1BKDR1Hiv9Zv.QyI0.rjAr/cwZq',	NULL,	'2019-03-22 09:37:55',	'',	'2019-03-22 09:37:55',	NULL),
(148,	'sudarat@gmail.com',	'$2y$10$wPcnfqLfGUVLDjteuZZe4.i1kpMS7gjhjhO99wtv7Fa.LbTs574Nu',	'MklQHYxP0pXuBfKWW77vEt7E1dhSnBGWhj2nUXBaLuMKYC48HxFf3eJgvPGh',	'2019-03-31 17:27:00',	'',	'2019-03-31 17:27:00',	NULL),
(149,	'58111111',	'$2y$10$R/p7.fWz8qB1tSpQgbM52.wD2wNcUOgdM5jgPVL.NPOxIDon2B8aW',	NULL,	'2019-04-19 02:58:05',	'',	'2019-04-19 02:58:05',	NULL),
(150,	'58888888',	'$2y$10$5zogpecaUCujbLRA/SqLjeYyus.OMZY/hT0j6K2njYNJgUlnR9aE2',	NULL,	'2019-04-19 10:33:57',	'',	'2019-04-19 10:33:57',	NULL),
(151,	'a@hotmail.com',	'$2y$10$L3Qjr7JxNBUkgQaVEa1G9uqZfUwOIjd57gK6SFrpG5ex8OXH5mPxi',	NULL,	'2019-04-19 10:37:46',	'',	'2019-04-19 10:37:46',	NULL),
(152,	'57140980',	'$2y$10$.W1jW0dJltTtRFxosPN.5.AsVeqI7eUMzCV77.d079AWWOLr.HT86',	NULL,	'2019-04-22 18:08:28',	'',	'2019-04-22 18:08:28',	NULL),
(153,	'56666666',	'$2y$10$XdOS0neLDMb23blmMdHnv.eJU7xjA8tE7JjdmPgUhqA5jO0Xyj8ae',	NULL,	'2019-04-22 18:09:53',	'',	'2019-04-22 18:09:53',	NULL),
(154,	'11223344',	'$2y$10$n.93FPRKjHw6/g4zjCbw9OoBhgFpGxKtHuJ10SwGqSWNxTJIavL8m',	NULL,	'2019-04-22 21:02:50',	'',	'2019-04-22 21:02:50',	NULL),
(155,	'58212345',	'$2y$10$Bu4dD1ZfEeyIfBUeC1NU1e2N1bMA4voW4aG995ZXpHumYQrIOnjW6',	NULL,	'2019-04-23 16:31:16',	'',	'2019-04-23 16:31:16',	NULL),
(156,	'11111111',	'$2y$10$sCU5H4YKb2SdBV0sXj6Ztuhk/ahjD3sfOudQKccSVUftr77Utv9w.',	NULL,	'2019-05-10 20:25:57',	'',	'2019-05-10 20:25:57',	NULL),
(157,	'58145230',	'$2y$10$6PWJTqBnuFqk3HgE/CURnOzNYnEAH7QJibiW6gizLaP0HN/Y1mLUW',	NULL,	'2019-05-12 01:50:16',	'',	'2019-05-12 01:50:16',	NULL),
(158,	'kanchan.th@wu.ac.th',	'$2y$10$P.B6hCuSyWHYv/7PjAhOdOeVdFTmfia4SB1UCTKoFasQdCZnnWgc6',	NULL,	'2019-05-12 17:39:09',	'',	'2019-05-12 17:39:09',	NULL),
(159,	'58145262',	'$2y$10$BxWpSiUzTPSUQsdf3a6hEujhQo3iscWigmY1OcuOP5noyaNtbWZNi',	NULL,	'2019-05-13 20:41:05',	'',	'2019-05-13 20:41:05',	NULL),
(160,	'sudarat@hotmail.com',	'$2y$10$FhMssqgvW6yOyp/CLgzjhOwEcimAJymqV74/a/GB3Ee6UDPfqeFmK',	NULL,	'2019-05-13 20:51:34',	'',	'2019-05-13 20:51:34',	NULL),
(161,	's@gmail.com',	'$2y$10$lSQHjsoOdLrUoJWyDRLmIOp7qM2z0kB7HxVPbDigbF1ThTcpEF8su',	NULL,	'2019-05-19 17:45:06',	'',	'2019-05-19 17:45:06',	NULL),
(162,	'58512265',	'$2y$10$zm9o9H.UlPjlXXGTXYeDQON0HS4nDwr/1SQBDN.7VwBwJjguFe.dK',	NULL,	'2019-05-19 17:49:11',	'',	'2019-05-19 17:49:11',	NULL),
(163,	'chid@gmail.com',	'$2y$10$vQ6tZ7RqJwxHILDxc0vi3OmQZXSoufPUza7qmDeFfscCScbJtcs6y',	NULL,	'2019-05-21 17:05:32',	'',	'2019-05-21 17:05:32',	NULL),
(164,	'sudaRAT0409@HOTMAIL.COM',	'$2y$10$/jBFDQMakzOkmgv8PykG6.8pp7WXQQn9xwMcR1wZ7tKriS6xY8NDa',	NULL,	'2019-05-24 10:24:09',	'',	'2019-05-24 10:24:09',	NULL),
(165,	'58100000',	'$2y$10$HKYxUt3jWAf1Jvb2yHwYdewlQ775H8T897pZtXVYOIcoJ8Qag/I0W',	NULL,	'2019-05-24 10:24:42',	'',	'2019-05-24 10:24:42',	NULL);

-- 2019-05-24 10:46:11
